# throw_id=94,class=backhand,name=,samples=1890,sample_rate_hz=416.0,dropped=0,peak_accel_g=15.9242,peak_gyro_dps=2321.27
time_s,ax_g,ay_g,az_g,gx_dps,gy_dps,gz_dps
0.0000,0.2269,0.1742,-0.7340,36.96,-95.13,-12.81
0.0024,0.2313,0.1313,-0.7222,42.98,-97.51,-15.61
0.0048,0.2386,0.1425,-0.7154,46.97,-98.84,-18.55
0.0072,0.2440,0.1596,-0.7349,50.96,-100.73,-21.28
0.0096,0.2557,0.1889,-0.7832,55.30,-101.71,-23.87
0.0120,0.2616,0.2255,-0.8164,58.66,-102.90,-25.97
0.0144,0.2611,0.2567,-0.8150,60.97,-103.46,-27.86
0.0168,0.2523,0.2684,-0.7769,62.58,-104.58,-29.61
0.0192,0.2503,0.2743,-0.7198,64.96,-106.47,-31.50
0.0216,0.2518,0.2811,-0.6871,66.15,-106.33,-33.11
0.0240,0.2533,0.2757,-0.6861,66.71,-107.73,-34.72
0.0264,0.2747,0.2586,-0.7144,67.13,-109.34,-36.05
0.0288,0.2952,0.2460,-0.7486,68.88,-109.06,-37.24
0.0313,0.2996,0.2430,-0.7588,69.86,-108.50,-38.01
0.0337,0.3026,0.2372,-0.7266,70.21,-109.27,-38.92
0.0361,0.3138,0.2162,-0.6881,70.84,-109.34,-39.62
0.0385,0.3192,0.1976,-0.6832,73.08,-107.73,-40.39
0.0409,0.3099,0.1947,-0.7086,74.34,-106.61,-41.23
0.0433,0.3118,0.1913,-0.7505,74.97,-106.96,-42.14
0.0457,0.3255,0.1864,-0.7842,76.23,-105.35,-42.98
0.0481,0.3323,0.1815,-0.7837,77.56,-104.02,-43.75
0.0505,0.3401,0.1791,-0.7637,78.61,-102.55,-44.73
0.0529,0.3475,0.1723,-0.7466,79.66,-100.66,-45.85
0.0553,0.3504,0.1679,-0.7501,81.20,-98.14,-46.90
0.0577,0.3489,0.1713,-0.7471,81.34,-95.83,-48.02
0.0601,0.3470,0.1693,-0.7501,81.13,-93.52,-49.42
0.0625,0.3323,0.1737,-0.7671,82.39,-89.39,-50.75
0.0649,0.3148,0.1893,-0.7710,82.60,-86.80,-52.29
0.0673,0.3065,0.1889,-0.7681,80.78,-84.35,-53.90
0.0697,0.3026,0.1713,-0.7857,80.78,-81.34,-55.58
0.0721,0.2899,0.1718,-0.8159,82.11,-76.72,-57.05
0.0745,0.2757,0.1825,-0.8433,80.99,-74.97,-58.66
0.0769,0.2801,0.1732,-0.8779,79.94,-72.17,-59.99
0.0793,0.2762,0.1649,-0.8891,80.92,-67.34,-61.04
0.0817,0.2542,0.1688,-0.8838,80.99,-63.70,-62.16
0.0841,0.2367,0.1635,-0.8711,79.66,-60.76,-63.21
0.0865,0.2245,0.1484,-0.8608,79.38,-56.35,-64.12
0.0889,0.2015,0.1396,-0.8706,79.38,-51.94,-64.75
0.0913,0.1801,0.1352,-0.8872,77.98,-48.51,-65.17
0.0938,0.1669,0.1269,-0.8989,76.58,-43.75,-65.38
0.0962,0.1547,0.1205,-0.8979,75.81,-40.18,-65.45
0.0986,0.1537,0.1254,-0.8882,74.34,-36.61,-64.96
0.1010,0.1518,0.1264,-0.8843,72.10,-31.78,-64.26
0.1034,0.1415,0.1205,-0.8818,70.56,-28.70,-63.28
0.1058,0.1288,0.1191,-0.8691,67.97,-25.55,-62.09
0.1082,0.0932,0.1220,-0.8340,63.77,-21.14,-60.69
0.1106,0.0527,0.1225,-0.7925,59.99,-19.67,-59.92
0.1130,0.0307,0.1381,-0.7540,57.47,-16.80,-59.08
0.1154,0.0176,0.1635,-0.7393,53.27,-13.65,-58.38
0.1178,0.0215,0.1728,-0.7759,49.35,-11.55,-57.47
0.1202,0.0293,0.1893,-0.8052,46.62,-8.61,-56.42
0.1226,0.0273,0.2020,-0.8013,42.14,-6.51,-55.44
0.1250,0.0234,0.2025,-0.7457,37.87,-3.92,-54.04
0.1274,0.0220,0.2128,-0.6666,35.07,-1.89,-53.34
0.1298,0.0220,0.2342,-0.6198,31.92,0.42,-52.57
0.1322,0.0190,0.2582,-0.6207,28.56,3.01,-52.08
0.1346,0.0166,0.2796,-0.6622,26.04,5.32,-51.38
0.1370,0.0107,0.3157,-0.6891,24.01,7.70,-50.68
0.1394,0.0098,0.3499,-0.6842,21.00,9.10,-50.33
0.1418,0.0200,0.3684,-0.6505,19.32,10.92,-49.84
0.1442,0.0381,0.3811,-0.6095,18.27,12.39,-49.63
0.1466,0.0634,0.3899,-0.5880,17.50,13.86,-49.35
0.1490,0.0888,0.3841,-0.5885,15.61,15.61,-48.86
0.1514,0.1113,0.3753,-0.5924,15.61,16.59,-48.44
0.1538,0.1322,0.3636,-0.5793,14.63,18.13,-47.95
0.1563,0.1454,0.3489,-0.5431,13.65,18.90,-47.46
0.1587,0.1352,0.3494,-0.4860,12.25,20.65,-47.18
0.1611,0.1118,0.3567,-0.4324,10.99,21.00,-47.25
0.1635,0.0981,0.3660,-0.3992,9.17,22.19,-47.67
0.1659,0.0874,0.3841,-0.3831,7.28,23.17,-48.37
0.1683,0.0756,0.4036,-0.3821,4.27,24.08,-49.14
0.1707,0.0737,0.4260,-0.3772,2.17,24.78,-49.91
0.1731,0.0766,0.4587,-0.3533,-0.84,26.18,-50.68
0.1755,0.0825,0.4812,-0.3270,-3.85,27.23,-51.66
0.1779,0.0922,0.5041,-0.3123,-6.09,29.05,-52.71
0.1803,0.0991,0.5314,-0.3192,-8.40,30.80,-53.90
0.1827,0.1083,0.5495,-0.3499,-10.57,32.90,-55.16
0.1851,0.1152,0.5685,-0.3767,-12.18,35.63,-56.35
0.1875,0.1205,0.5841,-0.3997,-13.93,37.94,-57.82
0.1899,0.1254,0.5949,-0.4065,-15.05,40.95,-59.15
0.1923,0.1240,0.6012,-0.3948,-16.24,43.96,-60.69
0.1947,0.1230,0.5905,-0.3836,-17.50,46.48,-62.16
0.1971,0.1288,0.5797,-0.3684,-18.06,49.14,-63.77
0.1995,0.1415,0.5656,-0.3640,-19.39,52.01,-65.52
0.2019,0.1537,0.5529,-0.3645,-19.95,54.81,-66.99
0.2043,0.1659,0.5446,-0.3567,-21.21,57.54,-68.60
0.2067,0.1815,0.5324,-0.3387,-22.05,60.34,-70.00
0.2091,0.1932,0.5295,-0.3133,-22.40,63.70,-71.40
0.2115,0.1972,0.5344,-0.2899,-23.24,66.43,-72.87
0.2139,0.2001,0.5427,-0.2816,-23.87,69.09,-74.41
0.2163,0.2064,0.5617,-0.2943,-24.36,71.82,-75.95
0.2188,0.2123,0.5836,-0.3123,-25.06,74.62,-77.21
0.2212,0.2157,0.5866,-0.3543,-25.13,79.52,-78.82
0.2236,0.1928,0.5817,-0.3450,-26.39,84.00,-80.29
0.2260,0.1893,0.5729,-0.2796,-28.49,83.51,-82.95
0.2284,0.2235,0.5451,-0.2255,-30.03,87.71,-85.26
0.2308,0.2279,0.5256,-0.2011,-29.82,93.38,-87.71
0.2332,0.2216,0.5202,-0.2240,-31.50,95.62,-90.16
0.2356,0.2362,0.5148,-0.2494,-32.55,98.35,-92.75
0.2380,0.2455,0.5168,-0.2674,-32.76,103.60,-95.13
0.2404,0.2357,0.5314,-0.2635,-32.76,107.80,-97.51
0.2428,0.2259,0.5480,-0.2420,-33.32,110.32,-100.10
0.2452,0.2225,0.5549,-0.2235,-33.88,113.54,-102.69
0.2476,0.2133,0.5666,-0.2045,-34.02,117.39,-105.07
0.2500,0.1991,0.5807,-0.1913,-34.79,119.77,-107.52
0.2524,0.1923,0.5836,-0.1810,-35.91,122.08,-109.83
0.2548,0.1874,0.5880,-0.1718,-36.12,125.37,-112.14
0.2572,0.1815,0.5949,-0.1659,-36.54,128.24,-114.31
0.2596,0.1786,0.5978,-0.1615,-36.68,130.76,-116.55
0.2620,0.1776,0.6041,-0.1610,-36.61,133.77,-118.65
0.2644,0.1762,0.6100,-0.1601,-36.47,136.78,-120.96
0.2668,0.1713,0.6202,-0.1527,-36.33,139.44,-123.20
0.2692,0.1649,0.6305,-0.1440,-36.33,141.75,-125.30
0.2716,0.1615,0.6446,-0.1303,-36.47,144.06,-127.61
0.2740,0.1586,0.6554,-0.1205,-37.17,146.16,-129.78
0.2764,0.1576,0.6642,-0.1210,-37.31,148.12,-131.95
0.2788,0.1557,0.6817,-0.1230,-37.59,149.87,-134.05
0.2813,0.1493,0.6934,-0.1366,-38.29,151.90,-136.08
0.2837,0.1440,0.7027,-0.1518,-38.29,153.58,-138.11
0.2861,0.1401,0.7061,-0.1625,-38.08,155.61,-140.07
0.2885,0.1362,0.7052,-0.1591,-38.22,157.71,-142.03
0.2909,0.1357,0.7110,-0.1396,-38.36,159.25,-143.99
0.2933,0.1371,0.7203,-0.1240,-38.36,160.65,-146.02
0.2957,0.1376,0.7305,-0.1308,-37.59,162.96,-148.12
0.2981,0.1293,0.7481,-0.1601,-37.10,165.55,-149.94
0.3005,0.1235,0.7666,-0.1893,-37.03,165.90,-151.69
0.3029,0.1327,0.7793,-0.2045,-37.03,166.39,-153.44
0.3053,0.1405,0.7901,-0.2015,-36.54,167.79,-154.98
0.3077,0.1337,0.8086,-0.1825,-36.19,168.91,-156.38
0.3101,0.1240,0.8296,-0.1698,-36.40,168.91,-158.06
0.3125,0.1176,0.8442,-0.1728,-36.61,169.19,-159.74
0.3149,0.1083,0.8574,-0.1928,-36.82,169.68,-161.35
0.3173,0.0976,0.8696,-0.2220,-37.31,169.61,-162.82
0.3197,0.0952,0.8784,-0.2391,-38.36,169.19,-164.43
0.3221,0.1015,0.8838,-0.2494,-38.71,169.05,-166.04
0.3245,0.1030,0.8921,-0.2538,-39.06,169.26,-167.37
0.3269,0.1030,0.9008,-0.2567,-40.11,168.77,-168.91
0.3293,0.1059,0.9067,-0.2713,-40.67,168.84,-170.45
0.3317,0.1035,0.9199,-0.2913,-41.44,168.84,-171.78
0.3341,0.1005,0.9331,-0.3148,-42.70,168.07,-173.18
0.3365,0.0966,0.9453,-0.3318,-43.61,167.93,-174.30
0.3389,0.0927,0.9638,-0.3377,-44.59,167.58,-175.42
0.3413,0.0942,0.9828,-0.3484,-45.57,167.30,-176.54
0.3438,0.0966,0.9994,-0.3582,-46.41,167.02,-177.45
0.3462,0.1000,1.0106,-0.3694,-47.53,166.46,-178.36
0.3486,0.1044,1.0209,-0.3826,-48.23,166.18,-179.27
0.3510,0.1054,1.0346,-0.3948,-49.00,165.69,-179.90
0.3534,0.1059,1.0502,-0.4128,-49.42,164.92,-180.67
0.3558,0.1103,1.0638,-0.4246,-50.12,164.43,-181.16
0.3582,0.1137,1.0756,-0.4226,-51.03,163.59,-181.65
0.3606,0.1157,1.0829,-0.4270,-51.73,162.96,-182.21
0.3630,0.1210,1.0921,-0.4372,-51.66,161.77,-182.63
0.3654,0.1274,1.1068,-0.4534,-52.01,160.58,-182.98
0.3678,0.1342,1.1126,-0.4836,-52.29,159.25,-183.33
0.3702,0.1435,1.1185,-0.5036,-52.43,157.71,-183.61
0.3726,0.1557,1.1302,-0.5017,-52.71,156.17,-183.96
0.3750,0.1698,1.1370,-0.4943,-53.13,154.63,-184.10
0.3774,0.1850,1.1453,-0.4851,-53.13,153.16,-184.31
0.3798,0.1991,1.1566,-0.4875,-53.55,151.76,-184.66
0.3822,0.2064,1.1692,-0.5090,-54.04,150.71,-184.80
0.3846,0.2108,1.1834,-0.5348,-54.60,149.24,-184.94
0.3870,0.2167,1.1956,-0.5578,-55.09,147.91,-185.08
0.3894,0.2255,1.2034,-0.5758,-55.65,146.30,-185.22
0.3918,0.2401,1.2063,-0.5890,-56.14,144.83,-185.29
0.3942,0.2582,1.2117,-0.5968,-56.35,143.64,-185.50
0.3966,0.2699,1.2151,-0.6149,-56.56,142.73,-185.57
0.3990,0.2772,1.2200,-0.6446,-56.98,141.54,-185.64
0.4014,0.2894,1.2351,-0.6710,-57.40,140.07,-185.64
0.4038,0.3055,1.2522,-0.6974,-58.10,138.95,-185.64
0.4063,0.3231,1.2703,-0.7222,-58.87,137.48,-185.64
0.4087,0.3465,1.2873,-0.7432,-59.92,136.22,-185.71
0.4111,0.3660,1.3083,-0.7676,-60.41,135.94,-185.71
0.4135,0.3802,1.3337,-0.7950,-61.46,135.17,-185.85
0.4159,0.3977,1.3518,-0.8306,-62.51,134.33,-186.13
0.4183,0.4153,1.3635,-0.8745,-63.42,134.12,-186.41
0.4207,0.4319,1.3742,-0.9072,-64.61,133.77,-186.69
0.4231,0.4519,1.3742,-0.9340,-66.15,133.70,-187.04
0.4255,0.4709,1.3669,-0.9575,-66.71,133.63,-187.39
0.4279,0.4929,1.3708,-0.9697,-67.90,133.42,-187.74
0.4303,0.5183,1.3679,-0.9892,-69.09,133.35,-188.23
0.4327,0.5363,1.3557,-1.0258,-69.37,133.84,-188.58
0.4351,0.5519,1.3542,-1.0507,-70.07,133.21,-188.93
0.4375,0.5739,1.3571,-1.0648,-71.26,132.65,-189.35
0.4399,0.5929,1.3513,-1.0756,-71.68,132.58,-189.63
0.4423,0.6110,1.3498,-1.0765,-71.68,131.95,-189.98
0.4447,0.6373,1.3479,-1.0824,-72.31,131.39,-190.33
0.4471,0.6632,1.3449,-1.0980,-72.45,130.55,-190.82
0.4495,0.6861,1.3542,-1.1302,-72.17,129.64,-191.03
0.4519,0.7071,1.3659,-1.1668,-71.82,128.59,-191.38
0.4543,0.7232,1.3698,-1.1995,-71.19,127.82,-191.66
0.4567,0.7403,1.3684,-1.2200,-70.14,126.84,-191.73
0.4591,0.7569,1.3591,-1.2322,-68.88,126.07,-192.15
0.4615,0.7666,1.3464,-1.2561,-66.78,126.07,-192.29
0.4639,0.7720,1.3410,-1.2942,-63.84,125.72,-192.57
0.4663,0.7779,1.3386,-1.3474,-60.69,125.37,-192.71
0.4688,0.7818,1.3396,-1.4079,-57.19,125.23,-192.92
0.4712,0.7837,1.3440,-1.4650,-53.06,124.95,-192.99
0.4736,0.7852,1.3493,-1.5104,-48.72,124.18,-193.20
0.4760,0.7852,1.3518,-1.5440,-44.10,123.27,-193.27
0.4784,0.7847,1.3518,-1.5689,-38.71,122.36,-193.27
0.4808,0.7813,1.3479,-1.5894,-33.32,121.52,-193.20
0.4832,0.7696,1.3318,-1.6182,-27.79,120.40,-192.71
0.4856,0.7491,1.3064,-1.6660,-22.75,119.70,-191.66
0.4880,0.7481,1.3332,-1.6997,-16.45,117.74,-190.75
0.4904,0.7559,1.3669,-1.7270,-13.23,118.30,-190.26
0.4928,0.7603,1.3591,-1.8217,-7.35,116.13,-190.33
0.4952,0.7862,1.3840,-1.9217,-0.63,112.63,-190.19
0.4976,0.8081,1.4284,-1.9588,3.64,112.14,-190.05
0.5000,0.8013,1.4469,-1.9510,6.79,111.30,-189.91
0.5024,0.7950,1.4425,-1.9071,11.55,107.66,-189.91
0.5048,0.8057,1.4430,-1.8734,16.94,105.07,-189.70
0.5072,0.8072,1.4455,-1.8964,21.35,104.93,-189.28
0.5096,0.7940,1.4420,-1.9832,25.62,103.39,-188.72
0.5120,0.7881,1.4435,-2.0857,30.45,100.45,-188.16
0.5144,0.7950,1.4494,-2.1574,34.79,98.28,-187.60
0.5168,0.8028,1.4479,-2.1931,39.27,96.18,-187.11
0.5192,0.8047,1.4401,-2.1823,44.45,93.66,-186.48
0.5216,0.8096,1.4352,-2.1448,49.84,91.07,-185.78
0.5240,0.8198,1.4372,-2.1194,54.95,88.76,-184.73
0.5264,0.8281,1.4372,-2.1394,60.69,87.36,-183.54
0.5288,0.8325,1.4381,-2.1897,66.15,84.77,-182.07
0.5313,0.8452,1.4406,-2.2360,70.70,81.34,-180.81
0.5337,0.8662,1.4435,-2.2682,75.81,78.75,-179.41
0.5361,0.8882,1.4503,-2.2590,81.41,75.53,-177.94
0.5385,0.9140,1.4513,-2.2321,86.94,73.22,-176.68
0.5409,0.9389,1.4562,-2.2131,92.96,70.49,-175.49
0.5433,0.9614,1.4567,-2.2033,98.98,67.62,-174.37
0.5457,0.9823,1.4630,-2.2121,106.05,64.47,-173.11
0.5481,1.0121,1.4913,-2.2209,112.14,60.69,-171.78
0.5505,1.0516,1.5143,-2.2233,119.07,57.54,-170.17
0.5529,1.0882,1.4962,-2.2424,126.56,55.37,-168.35
0.5553,1.1185,1.4777,-2.2380,134.89,52.43,-166.81
0.5577,1.1600,1.4864,-2.1828,141.40,48.51,-165.20
0.5601,1.2088,1.4825,-2.1238,148.47,46.20,-163.59
0.5625,1.2405,1.4786,-2.0823,156.87,43.82,-162.05
0.5649,1.2678,1.4840,-2.0696,164.22,40.04,-160.51
0.5673,1.3034,1.4786,-2.0828,170.80,37.38,-159.04
0.5697,1.3405,1.4640,-2.0857,177.66,34.44,-157.36
0.5721,1.3830,1.4528,-2.0598,184.66,30.87,-155.89
0.5745,1.4215,1.4381,-2.0218,191.52,28.21,-154.28
0.5769,1.4518,1.4337,-1.9803,199.22,25.27,-152.74
0.5793,1.4855,1.4264,-1.9520,206.01,21.91,-151.34
0.5817,1.5260,1.4147,-1.9500,213.71,19.11,-149.73
0.5841,1.5582,1.4054,-1.9418,220.36,16.52,-148.12
0.5865,1.5894,1.3854,-1.9232,226.80,13.09,-146.58
0.5889,1.6270,1.3669,-1.8915,233.17,9.45,-144.90
0.5913,1.6699,1.3488,-1.8398,238.91,5.53,-143.29
0.5938,1.7134,1.3249,-1.7949,244.23,2.66,-141.61
0.5962,1.7446,1.2995,-1.7519,249.41,-0.84,-140.00
0.5986,1.7719,1.2756,-1.7109,253.89,-5.04,-138.53
0.6010,1.7983,1.2473,-1.6860,258.09,-8.68,-137.06
0.6034,1.8207,1.2190,-1.6607,262.22,-12.60,-135.66
0.6058,1.8407,1.1927,-1.6167,266.00,-17.50,-134.19
0.6082,1.8568,1.1634,-1.5601,269.08,-22.26,-133.00
0.6106,1.8764,1.1326,-1.4879,271.67,-27.44,-131.67
0.6130,1.8978,1.0990,-1.4040,274.12,-32.13,-130.13
0.6154,1.9105,1.0663,-1.3318,276.64,-36.40,-128.73
0.6178,1.9193,1.0414,-1.2756,278.81,-41.09,-127.26
0.6202,1.9266,1.0146,-1.2322,280.56,-45.85,-125.72
0.6226,1.9276,0.9823,-1.1956,282.52,-50.89,-124.25
0.6250,1.9286,0.9521,-1.1492,284.13,-56.07,-122.71
0.6274,1.9291,0.9189,-1.0970,285.32,-60.62,-121.03
0.6298,1.9286,0.8813,-1.0448,286.86,-65.24,-119.49
0.6322,1.9320,0.8452,-0.9882,288.05,-69.72,-118.02
0.6346,1.9325,0.8086,-0.9438,289.31,-73.57,-116.62
0.6370,1.9325,0.7715,-0.9179,290.43,-77.77,-115.08
0.6394,1.9408,0.7364,-0.8979,290.99,-82.25,-113.61
0.6418,1.9496,0.7032,-0.8730,290.99,-85.96,-112.14
0.6442,1.9554,0.6686,-0.8316,290.43,-89.88,-110.53
0.6466,1.9622,0.6290,-0.7749,289.52,-94.01,-109.13
0.6490,1.9671,0.5861,-0.7183,288.33,-97.02,-107.59
0.6514,1.9622,0.5480,-0.6690,286.44,-99.89,-106.19
0.6538,1.9457,0.5148,-0.6407,284.41,-102.48,-105.00
0.6563,1.9271,0.4846,-0.6281,281.82,-104.93,-103.74
0.6587,1.9076,0.4592,-0.6115,278.81,-106.96,-102.69
0.6611,1.8812,0.4353,-0.5871,275.38,-108.92,-101.50
0.6635,1.8598,0.4109,-0.5500,271.95,-110.81,-100.31
0.6659,1.8446,0.3880,-0.5056,268.66,-111.58,-99.12
0.6683,1.8232,0.3645,-0.4675,265.44,-112.21,-97.93
0.6707,1.7973,0.3445,-0.4402,262.36,-112.98,-96.81
0.6731,1.7739,0.3260,-0.4202,259.07,-113.26,-95.69
0.6755,1.7495,0.3118,-0.3958,255.92,-113.19,-94.57
0.6779,1.7226,0.3006,-0.3611,252.56,-112.84,-93.45
0.6803,1.7002,0.2845,-0.3182,249.34,-112.84,-92.26
0.6827,1.6831,0.2635,-0.2650,245.98,-112.49,-91.14
0.6851,1.6665,0.2352,-0.2206,242.27,-112.00,-89.95
0.6875,1.6485,0.2030,-0.1947,238.98,-111.37,-88.83
0.6899,1.6343,0.1708,-0.1728,235.34,-111.02,-87.78
0.6923,1.6246,0.1376,-0.1493,231.70,-110.67,-86.52
0.6947,1.6133,0.1088,-0.1171,228.34,-110.18,-85.40
0.6971,1.5967,0.0800,-0.0752,224.77,-109.55,-84.35
0.6995,1.5733,0.0556,-0.0361,221.76,-108.64,-83.44
0.7019,1.5465,0.0361,-0.0029,218.68,-107.94,-82.67
0.7043,1.5177,0.0161,0.0161,215.74,-107.52,-81.97
0.7067,1.4874,-0.0063,0.0244,212.66,-106.61,-80.99
0.7091,1.4542,-0.0264,0.0444,210.00,-106.12,-80.22
0.7115,1.4220,-0.0429,0.0781,206.85,-105.98,-79.45
0.7139,1.3923,-0.0605,0.1186,204.40,-105.70,-78.61
0.7163,1.3640,-0.0703,0.1537,202.37,-105.49,-77.77
0.7188,1.3415,-0.0737,0.1786,200.41,-105.35,-76.72
0.7212,1.3166,-0.0834,0.1923,198.45,-104.86,-75.53
0.7236,1.2878,-0.0986,0.1967,197.12,-104.58,-74.20
0.7260,1.2625,-0.1161,0.1962,196.35,-104.37,-72.66
0.7284,1.2371,-0.1318,0.1937,196.07,-104.09,-70.91
0.7308,1.2093,-0.1459,0.1981,195.93,-103.67,-69.23
0.7332,1.1800,-0.1625,0.2137,195.65,-103.46,-67.41
0.7356,1.1497,-0.1796,0.2279,195.65,-102.55,-65.59
0.7380,1.1292,-0.1937,0.2357,196.21,-101.57,-63.77
0.7404,1.1170,-0.2050,0.2430,196.07,-100.10,-62.02
0.7428,1.1053,-0.2186,0.2533,195.02,-99.19,-60.13
0.7452,1.0975,-0.2352,0.2718,193.76,-98.00,-58.24
0.7476,1.0887,-0.2499,0.2904,192.43,-96.18,-56.35
0.7500,1.0814,-0.2664,0.2904,190.89,-94.50,-54.60
0.7524,1.0760,-0.2850,0.2772,189.21,-92.54,-52.78
0.7548,1.0814,-0.3079,0.2679,187.04,-90.72,-50.96
0.7572,1.0995,-0.3314,0.2650,185.29,-88.62,-49.07
0.7596,1.0892,-0.3318,0.2206,187.32,-85.40,-47.18
0.7620,1.0585,-0.3089,0.1610,188.86,-85.61,-45.15
0.7644,1.0668,-0.3089,0.1864,186.34,-85.33,-43.40
0.7668,1.0765,-0.3489,0.3226,182.00,-80.01,-41.16
0.7692,1.0482,-0.3719,0.4836,182.77,-76.51,-39.69
0.7716,1.0189,-0.3665,0.5710,181.51,-74.90,-38.36
0.7740,1.0063,-0.3963,0.5197,175.63,-70.91,-37.03
0.7764,0.9555,-0.4392,0.3216,174.51,-63.00,-35.28
0.7788,0.9052,-0.4485,0.1708,172.55,-65.03,-33.74
0.7813,0.9370,-0.4699,0.1840,165.69,-63.00,-32.06
0.7837,0.9638,-0.5178,0.2826,162.61,-55.37,-30.38
0.7861,0.9697,-0.5353,0.4177,163.10,-52.92,-28.77
0.7885,1.0038,-0.5246,0.5080,159.39,-48.93,-27.23
0.7909,1.0224,-0.5324,0.4636,154.77,-41.09,-25.34
0.7933,1.0038,-0.5422,0.3538,153.37,-36.12,-23.45
0.7957,0.9887,-0.5412,0.2816,149.59,-33.11,-21.84
0.7981,0.9975,-0.5632,0.2640,143.99,-28.77,-20.44
0.8005,1.0072,-0.5939,0.3245,141.12,-24.22,-18.97
0.8029,1.0199,-0.6061,0.4363,137.83,-20.23,-17.71
0.8053,1.0375,-0.6193,0.5046,133.07,-14.28,-16.24
0.8077,1.0433,-0.6354,0.5002,129.29,-8.19,-14.56
0.8101,1.0463,-0.6324,0.4656,125.37,-3.08,-12.81
0.8125,1.0521,-0.6290,0.4324,120.05,1.89,-10.99
0.8149,1.0570,-0.6388,0.4275,115.22,6.79,-9.03
0.8173,1.0658,-0.6534,0.4763,111.23,11.62,-7.14
0.8197,1.0809,-0.6700,0.5456,107.24,16.73,-5.25
0.8221,1.0912,-0.6881,0.5866,103.81,22.54,-3.29
0.8245,1.0975,-0.6969,0.5939,100.73,28.35,-1.40
0.8269,1.1068,-0.6939,0.5768,97.93,34.16,0.63
0.8293,1.1131,-0.6881,0.5597,94.78,39.41,2.80
0.8317,1.1273,-0.6871,0.5568,91.91,44.66,5.04
0.8341,1.1400,-0.6871,0.5788,89.32,50.05,7.56
0.8365,1.1566,-0.6915,0.6193,86.17,54.04,10.22
0.8389,1.1863,-0.6954,0.6520,83.79,59.08,13.23
0.8413,1.2098,-0.6876,0.6695,81.62,64.47,16.52
0.8438,1.2249,-0.6847,0.6798,78.33,69.02,20.09
0.8462,1.2385,-0.6974,0.6993,74.20,72.31,23.52
0.8486,1.2673,-0.7164,0.7276,70.70,75.18,27.09
0.8510,1.2991,-0.7203,0.7544,68.32,79.52,30.73
0.8534,1.3244,-0.7159,0.7706,65.31,82.81,34.23
0.8558,1.3659,-0.7169,0.7657,62.58,85.54,37.94
0.8582,1.4167,-0.7081,0.7588,60.55,89.18,42.07
0.8606,1.4650,-0.6974,0.7691,57.54,92.19,46.55
0.8630,1.5167,-0.6915,0.7852,55.09,95.34,51.38
0.8654,1.5665,-0.6695,0.8018,53.41,98.91,56.49
0.8678,1.6158,-0.6368,0.8169,50.68,101.85,61.95
0.8702,1.6704,-0.6139,0.8189,46.97,104.23,67.48
0.8726,1.7344,-0.5973,0.7993,45.15,107.24,73.29
0.8750,1.8007,-0.5700,0.7803,43.26,110.18,79.31
0.8774,1.8759,-0.5353,0.7828,39.97,111.37,85.40
0.8798,1.9759,-0.5046,0.8062,37.17,112.63,91.77
0.8822,2.0940,-0.4641,0.8384,36.05,115.43,98.49
0.8846,2.2175,-0.4055,0.8535,34.86,118.30,105.21
0.8870,2.3483,-0.3426,0.8418,32.76,119.42,111.86
0.8894,2.4834,-0.2689,0.8369,30.38,121.31,118.72
0.8918,2.6054,-0.1859,0.8491,28.07,124.46,125.51
0.8942,2.7796,-0.1298,0.8447,26.95,124.88,131.53
0.8966,3.0173,-0.1098,0.8311,26.88,123.06,137.20
0.8990,3.0705,-0.0361,0.8198,28.14,138.46,143.50
0.9014,3.0271,-0.0034,0.7613,26.67,139.37,148.61
0.9038,3.1408,-0.0156,0.7432,35.77,137.62,153.37
0.9063,3.3291,-0.0073,0.7320,39.34,141.68,158.34
0.9087,3.6327,-0.2108,0.5876,40.11,138.25,163.59
0.9111,3.9045,-0.2962,0.9033,52.71,144.97,172.97
0.9135,3.7576,-0.6168,1.1024,59.64,177.17,177.87
0.9159,3.4448,-1.1341,0.6529,66.15,146.93,193.34
0.9183,3.4311,-1.2776,0.5397,74.41,148.40,210.21
0.9207,3.4189,-1.2688,0.4529,99.19,186.34,225.05
0.9231,3.3853,-1.5128,0.2679,84.14,164.85,239.75
0.9255,3.8479,-2.1492,0.2216,82.53,134.19,255.50
0.9279,4.0748,-2.5664,0.2479,97.23,178.78,279.93
0.9303,3.8469,-3.0139,0.2391,98.42,182.00,300.37
0.9327,3.8303,-3.5146,0.1391,98.56,177.80,325.08
0.9351,3.9264,-3.7835,0.2372,110.81,194.46,349.37
0.9375,4.0270,-3.9728,0.3377,116.34,224.28,374.43
0.9399,4.1007,-4.1509,0.4275,104.79,227.29,400.68
0.9423,4.4154,-4.4315,0.4836,96.81,209.09,427.49
0.9447,4.7478,-4.6438,0.5470,90.79,233.66,459.97
0.9471,4.7492,-4.8190,0.4221,77.56,252.42,491.89
0.9495,4.7282,-5.0410,0.0956,64.12,250.18,524.93
0.9519,4.8922,-5.1704,-0.0752,52.01,249.97,559.16
0.9543,5.0635,-5.2763,-0.0766,27.37,265.37,597.87
0.9567,5.1665,-5.4544,0.1093,4.41,266.21,638.19
0.9591,5.3504,-5.6335,0.3421,-15.68,265.93,680.61
0.9615,5.5691,-5.7877,0.4797,-39.48,275.66,725.76
0.9639,5.7418,-5.9385,0.4172,-64.96,287.21,773.29
0.9663,5.9126,-6.0795,0.2591,-92.82,286.79,822.78
0.9688,6.1839,-6.2322,0.1196,-122.78,285.39,874.16
0.9712,6.4680,-6.4118,0.0825,-155.89,290.99,928.69
0.9736,6.7471,-6.6192,0.1425,-187.18,289.59,984.27
0.9760,7.0862,-6.8383,0.2406,-216.23,285.18,1041.53
0.9784,7.5176,-7.0418,0.3348,-244.23,278.81,1099.84
0.9808,8.0071,-7.2473,0.4011,-275.59,275.03,1161.02
0.9832,8.5088,-7.4615,0.4607,-303.80,264.95,1222.41
0.9856,9.0221,-7.6543,0.4778,-328.37,252.28,1284.08
0.9880,9.5350,-7.8207,0.4192,-347.97,234.01,1344.84
0.9904,10.0455,-7.9481,0.2733,-361.41,216.58,1405.32
0.9928,10.5447,-8.0134,0.0688,-370.30,193.34,1465.66
0.9952,10.9649,-7.9881,-0.0166,-380.59,161.98,1527.47
0.9976,11.2830,-8.0120,0.1410,-394.59,117.25,1588.09
1.0000,11.8008,-7.9232,0.2435,-379.54,73.01,1649.48
1.0024,12.2908,-7.8075,0.1259,-368.97,56.00,1717.38
1.0048,12.4577,-7.8139,-0.1020,-356.44,23.87,1785.21
1.0072,12.5826,-7.9671,-0.5226,-340.13,-17.92,1854.72
1.0096,12.7651,-8.1896,-0.7647,-318.50,-63.77,1925.00
1.0120,12.6128,-8.3775,-0.4831,-319.41,-103.53,1997.24
1.0144,12.0516,-8.9480,-0.3631,-302.89,-146.72,2055.69
1.0168,11.1010,-9.2008,-0.5783,-233.52,-160.86,2106.44
1.0192,10.1504,-9.0919,-1.3562,-171.57,-192.85,2145.01
1.0216,9.5531,-9.1393,-2.2858,-124.88,-235.06,2179.17
1.0240,9.4618,-10.0260,-2.6006,-102.62,-301.70,2205.70
1.0264,10.1543,-11.9833,-2.6210,-33.53,-319.83,2229.15
1.0288,9.8137,-11.7086,-1.7104,102.97,-240.45,2264.08
1.0313,7.7328,-8.7059,-0.5246,150.92,-206.50,2283.61
1.0337,5.0776,-4.4271,-0.4392,224.49,-191.45,2291.94
1.0361,2.1330,0.0727,-1.7553,247.10,-129.71,2292.22
1.0385,-0.1196,2.2399,-1.5948,47.25,-236.53,2293.48
1.0409,0.0786,1.2244,-1.5753,-65.17,-378.07,2289.35
1.0433,1.0853,0.1649,-1.8144,97.09,-297.22,2292.99
1.0457,0.6437,1.5309,-1.2429,185.43,-221.62,2291.31
1.0481,-0.1118,1.8930,-3.2423,20.23,-275.87,2292.64
1.0505,0.4133,0.5919,-4.2964,62.72,-352.45,2292.22
1.0529,0.9374,0.8930,-3.0461,199.85,-243.39,2292.99
1.0553,0.1728,1.7470,-1.9413,117.25,-224.07,2293.48
1.0577,0.0874,0.8974,-1.9491,61.18,-305.34,2293.27
1.0601,0.7291,0.3592,-1.6387,183.40,-280.70,2293.48
1.0625,0.5876,1.2561,-1.8368,214.20,-206.43,2293.48
1.0649,-0.0288,1.2478,-3.3067,121.80,-222.04,2293.48
1.0673,0.2318,0.5075,-3.6341,175.56,-276.50,2293.48
1.0697,0.6534,0.8389,-2.7099,235.27,-202.37,2293.48
1.0721,0.1767,1.1697,-1.8485,177.38,-175.63,2293.48
1.0745,0.0444,0.6012,-1.3640,165.13,-229.74,2293.48
1.0769,0.5588,0.4168,-1.0785,240.66,-215.60,2293.48
1.0793,0.4202,0.9516,-1.9701,240.94,-132.65,2293.48
1.0817,-0.0961,0.8901,-3.2262,189.28,-156.31,2293.48
1.0841,0.1503,0.5114,-3.3526,223.93,-177.45,2293.48
1.0865,0.3182,0.7520,-2.4063,242.34,-124.18,2293.48
1.0889,0.0088,0.8013,-1.2937,205.38,-113.12,2293.48
1.0913,-0.0420,0.4729,-0.6046,209.86,-137.06,2293.48
1.0938,0.2489,0.5319,-0.7525,242.55,-118.44,2293.48
1.0962,0.1254,0.8203,-1.9579,225.96,-58.59,2293.48
1.0986,-0.2469,0.7237,-2.9953,199.29,-77.49,2293.48
1.1010,-0.0776,0.5510,-2.8533,211.68,-92.05,2293.48
1.1034,0.0039,0.6295,-1.7954,210.42,-50.54,2293.48
1.1058,-0.2650,0.5827,-0.7047,193.90,-50.47,2293.48
1.1082,-0.2298,0.4290,-0.3738,203.42,-72.31,2293.48
1.1106,-0.0615,0.5470,-1.1761,218.05,-44.94,2293.48
1.1130,-0.2733,0.7403,-2.4610,201.11,-19.95,2293.48
1.1154,-0.4407,0.7398,-2.9646,184.17,-44.94,2293.48
1.1178,-0.2391,0.7120,-2.3404,181.86,-49.70,2293.48
1.1202,-0.1747,0.7252,-1.1927,177.24,-24.08,2293.48
1.1226,-0.3328,0.7076,-0.4402,168.21,-27.51,2293.48
1.1250,-0.2967,0.7061,-0.7310,167.09,-40.46,2293.48
1.1274,-0.2142,0.8179,-1.8261,164.15,-19.95,2293.48
1.1298,-0.3787,0.9428,-2.7753,149.38,-13.51,2293.48
1.1322,-0.4250,0.9628,-2.8084,133.35,-37.31,2293.48
1.1346,-0.2664,0.9404,-1.9896,123.13,-36.96,2293.48
1.1370,-0.2542,0.9399,-1.0555,116.62,-28.07,2293.48
1.1394,-0.2860,0.9589,-0.7354,108.29,-38.22,2293.48
1.1418,-0.1864,1.0053,-1.2747,98.21,-42.21,2293.48
1.1442,-0.1703,1.0946,-2.2375,87.29,-32.06,2293.48
1.1466,-0.2655,1.1785,-2.7679,72.03,-40.53,2293.48
1.1490,-0.2084,1.1683,-2.4229,57.05,-57.61,2293.48
1.1514,-0.0956,1.1180,-1.5108,47.53,-56.07,2293.48
1.1538,-0.0800,1.0799,-0.7052,41.86,-60.27,2293.48
1.1563,-0.0488,1.0975,-0.6515,37.66,-67.97,2293.48
1.1587,0.0054,1.1546,-1.3664,27.93,-69.16,2293.48
1.1611,0.0020,1.1912,-2.0921,19.88,-71.19,2293.48
1.1635,-0.0137,1.2093,-2.1740,11.55,-82.67,2293.48
1.1659,0.0581,1.1556,-1.4869,3.36,-96.25,2293.48
1.1683,0.1537,1.0795,-0.5500,2.59,-99.61,2293.48
1.1707,0.1664,1.0643,-0.1318,3.85,-103.18,2293.48
1.1731,0.1791,1.0980,-0.5041,3.71,-111.58,2293.48
1.1755,0.1850,1.1507,-1.3293,1.12,-112.49,2293.48
1.1779,0.1440,1.2019,-1.8808,-4.27,-122.64,2293.48
1.1803,0.1762,1.2005,-1.7046,-10.92,-137.13,2293.48
1.1827,0.2469,1.1326,-0.9677,-13.44,-144.90,2293.48
1.1851,0.2904,1.0946,-0.2879,-8.12,-152.88,2293.48
1.1875,0.3348,1.1283,-0.2557,-6.09,-157.22,2293.48
1.1899,0.3450,1.1624,-0.8686,-5.95,-157.85,2293.48
1.1923,0.3436,1.1741,-1.5972,-7.63,-165.90,2293.48
1.1947,0.3802,1.1712,-1.8183,-10.29,-174.16,2293.48
1.1971,0.4128,1.1239,-1.3962,-12.39,-179.62,2293.48
1.1995,0.4226,1.0350,-0.7276,-9.66,-185.15,2293.48
1.2019,0.4592,0.9921,-0.3465,0.21,-189.35,2293.48
1.2043,0.4690,1.0180,-0.5905,5.39,-186.55,2293.48
1.2067,0.4070,1.0316,-1.2112,6.72,-189.63,2293.48
1.2091,0.3870,1.0058,-1.6841,10.85,-197.96,2293.48
1.2115,0.4089,0.9789,-1.6182,15.47,-202.44,2293.48
1.2139,0.4309,0.9262,-1.1283,19.81,-206.50,2293.48
1.2163,0.4314,0.8682,-0.6456,30.10,-208.46,2293.48
1.2188,0.4153,0.8457,-0.5344,39.48,-210.91,2293.48
1.2212,0.4070,0.8359,-0.9389,48.72,-209.86,2293.48
1.2236,0.3387,0.8633,-1.4489,57.33,-209.58,2293.48
1.2260,0.2962,0.8735,-1.6148,60.41,-218.96,2293.48
1.2284,0.3201,0.8130,-1.3269,64.75,-221.48,2293.48
1.2308,0.3148,0.7720,-0.8150,76.65,-222.11,2293.48
1.2332,0.2923,0.7803,-0.4929,86.03,-222.95,2293.48
1.2356,0.2782,0.7798,-0.6481,93.03,-222.18,2293.41
1.2380,0.2338,0.7876,-1.0760,100.59,-218.82,2293.41
1.2404,0.1830,0.8228,-1.3820,106.61,-221.06,2293.48
1.2428,0.1713,0.8252,-1.3293,107.38,-223.93,2293.48
1.2452,0.1820,0.7886,-0.9350,112.84,-223.93,2293.48
1.2476,0.1737,0.7857,-0.5056,119.98,-220.08,2293.48
1.2500,0.1459,0.7847,-0.3938,124.95,-218.68,2293.48
1.2524,0.1322,0.7779,-0.6939,131.11,-213.57,2293.48
1.2548,0.1069,0.8013,-1.0414,135.45,-207.90,2293.48
1.2572,0.0747,0.8247,-1.1322,136.01,-205.80,2293.48
1.2596,0.0708,0.8086,-0.9160,135.87,-204.54,2293.48
1.2620,0.0893,0.7754,-0.6163,140.98,-197.47,2293.48
1.2644,0.0600,0.7666,-0.4870,146.02,-188.09,2293.48
1.2668,0.0254,0.7579,-0.6320,150.01,-185.50,2293.48
1.2692,0.0166,0.7408,-0.9716,155.68,-177.31,2293.48
1.2716,-0.0376,0.7564,-1.2156,160.65,-169.89,2293.48
1.2740,-0.0864,0.7774,-1.1331,160.16,-169.26,2293.48
1.2764,-0.0756,0.7496,-0.8467,163.52,-165.27,2293.48
1.2788,-0.0698,0.7608,-0.5846,171.22,-156.03,2293.48
1.2813,-0.1132,0.8057,-0.5466,173.39,-148.19,2293.48
1.2837,-0.1430,0.8159,-0.7881,174.23,-146.44,2293.48
1.2861,-0.1322,0.8340,-1.0590,177.52,-140.98,2293.48
1.2885,-0.1532,0.8804,-1.1253,177.03,-133.70,2293.48
1.2909,-0.1815,0.8818,-0.9457,173.53,-132.16,2293.48
1.2933,-0.1518,0.8574,-0.7076,176.47,-129.36,2293.48
1.2957,-0.1249,0.8935,-0.5841,179.34,-120.26,2293.48
1.2981,-0.1474,0.9384,-0.7027,176.05,-113.54,2293.48
1.3005,-0.1640,0.9540,-1.0082,171.64,-112.14,2293.48
1.3029,-0.1479,0.9760,-1.2068,170.31,-108.36,2293.48
1.3053,-0.1508,1.0180,-1.1634,166.18,-102.62,2293.48
1.3077,-0.1537,1.0482,-0.9682,160.65,-102.97,2293.48
1.3101,-0.1127,1.0424,-0.8101,156.03,-100.80,2293.48
1.3125,-0.0795,1.0673,-0.8154,153.58,-93.66,2293.48
1.3149,-0.0795,1.1024,-0.9740,146.23,-90.02,2293.48
1.3173,-0.0532,1.0887,-1.1473,139.02,-90.93,2293.48
1.3197,0.0078,1.0814,-1.1488,134.82,-85.89,2293.48
1.3221,0.0210,1.0765,-0.9667,129.57,-78.96,2293.48
1.3245,0.0215,1.0555,-0.7608,123.90,-79.59,2293.48
1.3269,0.0683,1.0165,-0.6525,120.05,-77.07,2293.48
1.3293,0.0908,1.0160,-0.7208,119.63,-70.14,2293.48
1.3317,0.0820,1.0590,-0.9184,113.61,-66.99,2293.48
1.3341,0.0932,1.0580,-1.0258,105.77,-67.55,2293.48
1.3365,0.1449,1.0199,-0.9301,102.13,-66.92,2293.48
1.3389,0.1698,1.0155,-0.7252,99.12,-62.51,2293.48
1.3413,0.1606,0.9965,-0.5890,92.26,-62.72,2293.48
1.3438,0.1835,0.9374,-0.5861,90.65,-62.79,2293.48
1.3462,0.1913,0.9296,-0.6773,90.16,-60.55,2293.48
1.3486,0.1947,0.9540,-0.8203,84.21,-62.65,2293.48
1.3510,0.2123,0.9389,-0.8721,78.89,-63.21,2293.48
1.3534,0.2396,0.9448,-0.7837,77.49,-66.43,2293.48
1.3558,0.2904,0.9755,-0.6690,70.28,-67.06,2293.48
1.3582,0.3157,0.9560,-0.6554,63.00,-65.73,2293.48
1.3606,0.3235,0.9418,-0.7530,59.92,-67.41,2293.48
1.3630,0.3377,0.9379,-0.8237,53.97,-68.18,2293.48
1.3654,0.3333,0.9189,-0.8603,46.97,-68.81,2293.48
1.3678,0.3318,0.8891,-0.8452,40.46,-73.08,2293.48
1.3702,0.3660,0.8677,-0.7501,38.15,-76.16,2293.48
1.3726,0.3865,0.8672,-0.6983,33.32,-75.67,2293.48
1.3750,0.3806,0.8481,-0.7310,27.72,-79.03,2293.48
1.3774,0.3728,0.8213,-0.7950,24.01,-82.32,2293.48
1.3798,0.3665,0.8018,-0.8413,20.09,-87.01,2293.48
1.3822,0.3670,0.7764,-0.8657,16.24,-90.65,2293.48
1.3846,0.3631,0.7452,-0.8603,14.84,-94.50,2293.48
1.3870,0.3601,0.7305,-0.8028,14.14,-99.19,2293.48
1.3894,0.3582,0.7271,-0.7759,12.04,-102.97,2293.41
1.3918,0.3421,0.7066,-0.8130,11.41,-105.77,2293.27
1.3942,0.3162,0.7042,-0.8525,12.53,-111.16,2292.99
1.3966,0.3060,0.7047,-0.8989,11.83,-117.11,2292.92
1.3990,0.2865,0.6852,-0.9135,13.09,-120.68,2292.29
1.4014,0.2513,0.6842,-0.8613,14.21,-127.47,2292.01
1.4038,0.2362,0.6881,-0.7584,14.28,-134.68,2291.59
1.4063,0.2176,0.6817,-0.7174,16.03,-138.95,2291.10
1.4087,0.1879,0.6993,-0.7608,18.90,-145.39,2290.89
1.4111,0.1645,0.7271,-0.7935,18.69,-152.32,2290.68
1.4135,0.1444,0.7247,-0.8262,18.48,-158.69,2290.33
1.4159,0.1269,0.7096,-0.8438,20.72,-165.20,2289.91
1.4183,0.1122,0.7286,-0.7920,23.73,-171.15,2290.05
1.4207,0.1069,0.7554,-0.7130,24.01,-176.68,2289.77
1.4231,0.1074,0.7598,-0.6832,25.97,-181.51,2289.35
1.4255,0.0947,0.7730,-0.7120,29.68,-184.80,2289.07
1.4279,0.0883,0.7906,-0.7466,32.27,-189.63,2288.58
1.4303,0.0956,0.7920,-0.7252,34.30,-192.36,2288.23
1.4327,0.0874,0.7915,-0.6739,37.87,-193.76,2287.88
1.4351,0.0869,0.8135,-0.6002,40.95,-196.56,2287.81
1.4375,0.1005,0.8291,-0.5510,43.47,-196.21,2287.32
1.4399,0.0869,0.8316,-0.6066,48.44,-195.30,2287.04
1.4423,0.0688,0.8511,-0.7159,53.48,-196.21,2286.76
1.4447,0.0561,0.8716,-0.7793,56.00,-195.44,2286.55
1.4471,0.0278,0.8701,-0.7769,59.92,-195.65,2286.55
1.4495,-0.0059,0.8711,-0.7520,66.50,-197.19,2286.41
1.4519,-0.0381,0.9004,-0.7549,71.89,-197.61,2286.06
1.4543,-0.0459,0.9072,-0.7549,75.32,-198.80,2285.85
1.4567,-0.0420,0.9140,-0.7652,83.44,-198.80,2285.43
1.4591,-0.0449,0.9496,-0.7935,88.97,-200.41,2285.15
1.4615,-0.0454,0.9726,-0.8164,93.87,-199.36,2285.01
1.4639,-0.0664,0.9848,-0.8345,99.05,-197.68,2284.87
1.4663,-0.0678,0.9945,-0.8115,105.07,-200.20,2284.45
1.4688,-0.0542,1.0170,-0.7632,109.90,-198.10,2284.52
1.4712,-0.0537,1.0404,-0.7540,114.24,-197.26,2283.96
1.4736,-0.0468,1.0570,-0.8057,118.86,-196.00,2283.89
1.4760,-0.0278,1.0746,-0.8486,123.06,-195.58,2283.68
1.4784,0.0015,1.0829,-0.8213,126.35,-193.13,2283.89
1.4808,0.0083,1.0956,-0.8042,129.85,-189.42,2283.61
1.4832,0.0195,1.0995,-0.8403,131.32,-187.39,2283.68
1.4856,0.0371,1.0951,-0.8369,136.22,-183.82,2283.54
1.4880,0.0390,1.1117,-0.8213,138.46,-180.88,2283.19
1.4904,0.0678,1.1141,-0.8213,137.69,-178.85,2283.12
1.4928,0.1064,1.1048,-0.8516,140.35,-172.20,2283.33
1.4952,0.1147,1.1107,-0.8682,142.10,-167.86,2283.54
1.4976,0.1464,1.1141,-0.8564,141.12,-164.29,2283.82
1.5000,0.1781,1.1078,-0.8774,140.98,-155.82,2283.89
1.5024,0.1879,1.0882,-0.8940,141.75,-149.87,2284.24
1.5048,0.2089,1.0863,-0.8813,142.80,-144.06,2284.38
1.5072,0.2250,1.0834,-0.8979,139.30,-137.83,2284.38
1.5096,0.2386,1.0409,-0.8857,138.46,-132.65,2284.80
1.5120,0.2484,1.0243,-0.8330,140.42,-126.91,2284.73
1.5144,0.2435,1.0175,-0.7940,136.99,-122.85,2284.87
1.5168,0.2567,0.9716,-0.7691,135.59,-118.86,2284.87
1.5192,0.2538,0.9472,-0.7300,137.76,-112.35,2285.22
1.5216,0.2386,0.9472,-0.6881,135.59,-110.74,2284.80
1.5240,0.2450,0.9194,-0.6847,132.79,-106.89,2285.08
1.5264,0.2303,0.8911,-0.6661,134.19,-103.39,2285.29
1.5288,0.2186,0.8940,-0.6271,133.14,-103.18,2285.01
1.5313,0.2201,0.8789,-0.5944,128.73,-100.24,2284.87
1.5337,0.2133,0.8516,-0.5880,128.17,-98.56,2285.08
1.5361,0.2347,0.8486,-0.6285,126.84,-98.35,2284.87
1.5385,0.2616,0.8481,-0.6769,122.92,-94.85,2284.80
1.5409,0.2679,0.8237,-0.7066,118.86,-92.75,2284.66
1.5433,0.2816,0.7979,-0.7154,117.25,-90.44,2284.87
1.5457,0.2830,0.7945,-0.6910,114.10,-87.99,2284.73
1.5481,0.2840,0.7759,-0.7037,108.78,-86.24,2284.80
1.5505,0.2879,0.7447,-0.7462,106.26,-82.67,2284.80
1.5529,0.2796,0.7335,-0.7871,103.53,-79.66,2284.80
1.5553,0.2743,0.7281,-0.7876,98.49,-77.98,2285.15
1.5577,0.2557,0.7066,-0.7447,94.36,-75.04,2284.94
1.5601,0.2264,0.6842,-0.7237,92.47,-74.34,2284.73
1.5625,0.2142,0.6793,-0.7110,89.18,-73.99,2284.66
1.5649,0.1879,0.6715,-0.7130,84.91,-72.24,2284.80
1.5673,0.1576,0.6544,-0.7462,82.46,-74.34,2284.66
1.5697,0.1518,0.6505,-0.7627,79.59,-76.02,2284.45
1.5721,0.1444,0.6456,-0.7940,75.74,-75.46,2284.31
1.5745,0.1171,0.6349,-0.8028,73.29,-76.72,2284.38
1.5769,0.0922,0.6403,-0.7881,71.33,-79.38,2283.68
1.5793,0.0776,0.6598,-0.7784,66.99,-81.41,2283.61
1.5817,0.0698,0.6754,-0.7759,63.63,-84.49,2283.47
1.5841,0.0673,0.6866,-0.7945,60.90,-86.80,2283.26
1.5865,0.0517,0.7071,-0.8115,58.31,-88.90,2282.70
1.5889,0.0268,0.7164,-0.8608,54.18,-92.12,2282.35
1.5913,0.0224,0.7193,-0.8794,51.17,-96.32,2282.49
1.5938,0.0171,0.7364,-0.8677,48.51,-97.72,2282.14
1.5962,0.0063,0.7579,-0.8501,44.87,-102.55,2281.86
1.5986,0.0322,0.7842,-0.8198,42.35,-106.47,2281.30
1.6010,0.0439,0.8125,-0.8237,39.20,-106.75,2281.44
1.6034,0.0386,0.8433,-0.8301,34.86,-110.95,2281.23
1.6058,0.0508,0.8589,-0.8208,29.96,-113.54,2281.09
1.6082,0.0556,0.8574,-0.8257,26.74,-114.59,2280.74
1.6106,0.0547,0.8555,-0.8345,23.87,-116.83,2280.46
1.6130,0.0508,0.8506,-0.8418,21.70,-119.28,2280.25
1.6154,0.0405,0.8520,-0.8789,21.35,-122.22,2280.04
1.6178,0.0332,0.8603,-0.9321,21.49,-124.95,2279.90
1.6202,0.0239,0.8764,-0.9633,21.28,-127.96,2279.76
1.6226,0.0259,0.8867,-0.9404,21.28,-132.86,2279.27
1.6250,0.0395,0.8921,-0.9179,24.15,-136.08,2278.85
1.6274,0.0429,0.9106,-0.8906,25.90,-139.58,2278.78
1.6298,0.0395,0.9267,-0.8833,27.72,-142.17,2278.22
1.6322,0.0283,0.9374,-0.9145,30.17,-145.60,2277.66
1.6346,0.0303,0.9667,-0.9472,34.30,-150.57,2277.38
1.6370,0.0254,1.0082,-0.9760,36.12,-153.30,2277.17
1.6394,0.0356,1.0214,-0.9711,37.59,-159.67,2276.61
1.6418,0.0615,1.0292,-0.9487,41.65,-161.56,2276.54
1.6442,0.0478,1.0555,-0.9335,43.89,-165.20,2275.91
1.6466,0.0605,1.0580,-0.9316,44.66,-171.50,2275.42
1.6490,0.0830,1.0590,-0.9345,49.91,-172.48,2275.00
1.6514,0.0834,1.0897,-0.9770,53.34,-175.63,2274.37
1.6538,0.1093,1.0960,-1.0009,54.46,-179.69,2274.16
1.6563,0.1327,1.0746,-0.9784,58.73,-180.74,2274.02
1.6587,0.1498,1.0692,-0.9438,63.84,-183.61,2273.74
1.6611,0.1684,1.0751,-0.9252,67.55,-183.54,2273.18
1.6635,0.1835,1.0604,-0.9526,70.91,-184.80,2272.69
1.6659,0.2011,1.0526,-1.0058,76.93,-184.10,2272.69
1.6683,0.1967,1.0643,-1.0507,80.85,-183.89,2272.69
1.6707,0.2103,1.0609,-1.0634,83.86,-186.41,2272.41
1.6731,0.2420,1.0487,-1.0697,88.41,-184.10,2272.20
1.6755,0.2474,1.0429,-1.0516,93.38,-182.42,2272.27
1.6779,0.2547,1.0292,-1.0414,96.95,-181.65,2271.92
1.6803,0.2708,1.0097,-1.0712,101.08,-179.48,2271.64
1.6827,0.2772,1.0009,-1.1283,105.42,-176.12,2271.57
1.6851,0.2713,0.9906,-1.1375,109.41,-173.95,2271.78
1.6875,0.2708,0.9711,-1.1048,113.12,-172.06,2271.57
1.6899,0.2630,0.9536,-1.0546,116.90,-169.26,2271.78
1.6923,0.2625,0.9423,-1.0341,120.75,-167.93,2271.22
1.6947,0.2752,0.9213,-1.0838,123.62,-163.94,2271.08
1.6971,0.2835,0.9052,-1.1712,127.40,-159.53,2271.22
1.6995,0.2718,0.8867,-1.2024,128.52,-155.54,2271.57
1.7019,0.2630,0.8613,-1.1200,130.90,-154.07,2271.29
1.7043,0.2630,0.8384,-1.0541,132.65,-148.26,2271.22
1.7067,0.2508,0.8184,-1.0477,135.24,-143.99,2271.01
1.7091,0.2352,0.8081,-1.0648,135.80,-140.35,2271.36
1.7115,0.2284,0.7925,-1.0882,136.50,-137.55,2271.15
1.7139,0.2298,0.7818,-1.1029,137.06,-132.23,2271.50
1.7163,0.2074,0.7715,-1.0546,135.87,-129.29,2271.64
1.7188,0.1962,0.7520,-0.9614,135.24,-127.89,2271.29
1.7212,0.1952,0.7471,-0.8799,134.82,-122.99,2271.43
1.7236,0.1762,0.7403,-0.8891,133.28,-118.02,2271.22
1.7260,0.1581,0.7379,-0.9618,131.53,-116.20,2271.36
1.7284,0.1654,0.7374,-1.0146,128.24,-114.31,2271.22
1.7308,0.1630,0.7344,-0.9955,126.42,-109.41,2271.57
1.7332,0.1474,0.7305,-0.9433,123.62,-107.24,2271.57
1.7356,0.1449,0.7110,-0.8955,121.10,-104.65,2271.71
1.7380,0.1249,0.6959,-0.8911,119.42,-99.89,2271.78
1.7404,0.0917,0.6837,-0.9633,117.18,-96.53,2271.57
1.7428,0.0659,0.6881,-1.0189,115.36,-95.27,2271.29
1.7452,0.0454,0.6954,-1.0170,111.58,-93.87,2271.64
1.7476,0.0356,0.6812,-0.9775,109.62,-92.33,2271.36
1.7500,0.0151,0.6822,-0.9575,108.71,-89.39,2271.50
1.7524,-0.0098,0.6988,-0.9477,105.42,-90.09,2271.36
1.7548,-0.0205,0.7027,-0.9716,102.41,-89.67,2271.01
1.7572,-0.0376,0.7213,-1.0277,101.22,-88.97,2270.87
1.7596,-0.0434,0.7520,-1.0472,97.44,-89.95,2270.80
1.7620,-0.0483,0.7549,-1.0658,92.96,-89.67,2271.01
1.7644,-0.0488,0.7574,-1.0365,90.51,-90.65,2271.15
1.7668,-0.0512,0.7759,-0.9823,88.83,-89.46,2271.08
1.7692,-0.0605,0.7920,-0.9867,85.68,-90.72,2270.80
1.7716,-0.0639,0.8106,-1.0463,82.88,-90.93,2270.52
1.7740,-0.0659,0.8325,-1.1263,80.01,-92.33,2270.73
1.7764,-0.0551,0.8467,-1.1341,77.14,-93.66,2270.73
1.7788,-0.0654,0.8711,-1.1112,74.27,-93.73,2270.52
1.7813,-0.0688,0.8862,-1.0638,70.07,-98.63,2270.10
1.7837,-0.0464,0.8906,-1.0141,68.46,-99.33,2269.54
1.7861,-0.0464,0.9121,-1.0082,65.73,-99.68,2269.54
1.7885,-0.0337,0.9301,-1.0219,63.00,-103.11,2269.26
1.7909,-0.0102,0.9404,-1.0370,60.83,-104.09,2269.19
1.7933,0.0049,0.9423,-0.9906,58.52,-105.91,2269.19
1.7957,0.0142,0.9423,-0.9331,56.49,-106.54,2268.91
1.7981,0.0142,0.9496,-0.9296,54.95,-109.13,2268.35
1.8005,0.0381,0.9550,-0.9292,54.25,-112.14,2268.14
1.8029,0.0415,0.9711,-0.9701,54.11,-112.28,2267.86
1.8053,0.0312,0.9799,-1.0048,51.45,-117.25,2267.79
1.8077,0.0561,0.9731,-0.9711,52.01,-120.12,2267.51
1.8101,0.0698,0.9804,-0.9008,52.71,-121.52,2267.23
1.8125,0.0864,0.9775,-0.8267,52.78,-125.93,2266.88
1.8149,0.1083,0.9677,-0.8189,54.39,-127.05,2266.53
1.8173,0.1181,0.9799,-0.8530,56.91,-129.99,2266.18
1.8197,0.1240,0.9989,-0.9087,57.54,-131.81,2265.90
1.8221,0.1279,1.0067,-0.9565,57.89,-135.73,2265.62
1.8245,0.1474,1.0102,-0.9648,59.71,-137.62,2265.48
1.8269,0.1610,1.0170,-0.9252,60.62,-139.23,2265.27
1.8293,0.1747,1.0131,-0.8974,61.25,-142.66,2264.92
1.8317,0.1957,1.0067,-0.9306,63.14,-144.06,2264.71
1.8341,0.2089,1.0082,-0.9648,64.96,-144.55,2264.57
1.8365,0.2152,1.0072,-0.9911,65.80,-146.16,2264.15
1.8389,0.2308,0.9911,-1.0038,66.08,-149.03,2263.87
1.8413,0.2489,0.9711,-0.9814,68.81,-149.03,2263.66
1.8438,0.2499,0.9706,-0.9589,70.91,-149.17,2263.52
1.8462,0.2450,0.9599,-0.9487,70.84,-150.22,2263.38
1.8486,0.2655,0.9345,-0.9477,73.57,-151.76,2262.96
1.8510,0.2767,0.9311,-0.9555,76.65,-149.24,2263.10
1.8534,0.2616,0.9282,-0.9438,77.70,-150.57,2262.68
1.8558,0.2777,0.9082,-0.9238,79.24,-152.25,2262.33
1.8582,0.2884,0.8886,-0.8960,81.90,-149.87,2262.33
1.8606,0.2811,0.8799,-0.8930,83.79,-149.59,2262.12
1.8630,0.2860,0.8686,-0.9145,85.26,-148.82,2262.12
1.8654,0.2904,0.8516,-0.9252,87.22,-147.56,2262.12
1.8678,0.2913,0.8350,-0.9252,88.83,-145.18,2261.98
1.8702,0.2801,0.8218,-0.9130,90.51,-143.36,2261.77
1.8726,0.2767,0.8037,-0.9004,92.33,-143.01,2261.49
1.8750,0.2782,0.7886,-0.8930,95.41,-139.86,2261.28
1.8774,0.2596,0.7784,-0.8877,96.74,-137.13,2261.28
1.8798,0.2494,0.7652,-0.8828,98.21,-136.36,2260.93
1.8822,0.2474,0.7486,-0.8589,99.75,-133.91,2261.00
1.8846,0.2347,0.7349,-0.8340,101.64,-131.39,2261.00
1.8870,0.2103,0.7310,-0.8023,101.99,-129.29,2261.21
1.8894,0.2006,0.7154,-0.7891,102.41,-128.52,2260.79
1.8918,0.1981,0.6954,-0.8169,104.93,-124.81,2260.65
1.8942,0.1674,0.6974,-0.8369,106.40,-122.64,2260.58
1.8966,0.1449,0.6974,-0.8276,105.49,-122.71,2260.72
1.8990,0.1405,0.6866,-0.7798,106.40,-121.10,2260.51
1.9014,0.1293,0.6939,-0.7242,107.80,-118.79,2260.51
1.9038,0.1108,0.7027,-0.6891,106.68,-117.25,2260.58
1.9063,0.0922,0.6910,-0.7037,106.05,-115.99,2260.37
1.9087,0.0620,0.6891,-0.7584,107.10,-114.31,2260.16
1.9111,0.0420,0.7066,-0.7725,105.91,-114.38,2260.23
1.9135,0.0454,0.7017,-0.7388,104.37,-112.77,2260.09
1.9159,0.0327,0.7017,-0.7213,105.77,-111.79,2260.16
1.9183,0.0205,0.7232,-0.7115,105.07,-112.49,2259.88
1.9207,0.0142,0.7364,-0.7237,104.02,-110.32,2259.67
1.9231,-0.0088,0.7457,-0.7535,103.32,-109.97,2259.67
1.9255,-0.0102,0.7530,-0.7520,103.04,-111.51,2259.53
1.9279,-0.0063,0.7666,-0.7261,101.64,-109.34,2259.60
1.9303,-0.0239,0.7788,-0.7076,100.10,-108.85,2259.53
1.9327,-0.0234,0.7876,-0.6954,99.40,-109.76,2259.11
1.9351,-0.0132,0.8111,-0.7027,97.86,-108.29,2258.90
1.9375,-0.0215,0.8242,-0.7564,95.13,-106.96,2259.04
1.9399,-0.0264,0.8272,-0.7886,93.94,-107.52,2259.11
1.9423,-0.0142,0.8433,-0.7637,92.40,-107.31,2258.90
1.9447,-0.0088,0.8525,-0.7281,90.09,-105.91,2258.83
1.9471,-0.0068,0.8530,-0.7047,89.53,-106.54,2258.76
1.9495,-0.0024,0.8730,-0.7042,89.11,-106.40,2258.76
1.9519,-0.0083,0.9038,-0.7286,86.45,-106.05,2258.62
1.9543,-0.0132,0.9096,-0.7535,83.44,-107.10,2258.27
1.9567,-0.0034,0.9121,-0.7462,82.95,-108.71,2258.06
1.9591,0.0083,0.9326,-0.7213,80.85,-108.57,2257.99
1.9615,0.0127,0.9433,-0.6993,77.35,-109.48,2257.71
1.9639,0.0200,0.9482,-0.7013,76.30,-110.88,2257.43
1.9663,0.0395,0.9618,-0.6993,74.55,-112.49,2257.22
1.9688,0.0610,0.9687,-0.7022,72.31,-112.56,2257.22
1.9712,0.0698,0.9540,-0.7056,70.77,-113.96,2257.57
1.9736,0.0869,0.9516,-0.6749,71.54,-115.85,2257.08
1.9760,0.0942,0.9682,-0.6681,69.44,-114.73,2256.94
1.9784,0.0874,0.9653,-0.6832,67.69,-117.18,2256.59
1.9808,0.1039,0.9633,-0.7071,68.67,-119.70,2256.10
1.9832,0.1244,0.9765,-0.7120,67.83,-120.40,2256.17
1.9856,0.1332,0.9770,-0.7096,66.71,-120.89,2256.24
1.9880,0.1440,0.9677,-0.7013,66.57,-122.99,2255.89
1.9904,0.1640,0.9628,-0.6773,67.06,-124.32,2255.54
1.9928,0.1786,0.9618,-0.6769,66.99,-124.11,2255.33
1.9952,0.1854,0.9565,-0.6969,67.13,-125.51,2255.26
1.9976,0.1981,0.9521,-0.7100,67.55,-127.05,2254.84
2.0000,0.2176,0.9575,-0.7203,67.34,-127.89,2254.70
2.0024,0.2289,0.9599,-0.7320,66.92,-127.82,2254.63
2.0048,0.2377,0.9516,-0.7232,66.36,-130.34,2254.56
2.0072,0.2582,0.9350,-0.6900,66.15,-131.11,2254.21
2.0096,0.2630,0.9199,-0.6686,66.57,-130.55,2254.14
2.0120,0.2596,0.9121,-0.6739,67.27,-131.88,2253.93
2.0144,0.2650,0.9018,-0.6788,67.76,-133.28,2253.44
2.0168,0.2694,0.8906,-0.6798,68.67,-133.91,2253.30
2.0192,0.2625,0.8833,-0.6944,69.72,-134.12,2253.23
2.0216,0.2494,0.8716,-0.7017,70.42,-136.50,2252.88
2.0240,0.2557,0.8477,-0.7081,71.96,-138.60,2252.60
2.0264,0.2513,0.8335,-0.7169,73.71,-138.32,2252.53
2.0288,0.2313,0.8281,-0.7291,75.04,-140.70,2252.11
2.0313,0.2269,0.8125,-0.7749,76.79,-142.73,2252.04
2.0337,0.2089,0.8057,-0.8237,79.66,-143.29,2251.76
2.0361,0.1859,0.8096,-0.8477,80.78,-146.37,2251.34
2.0385,0.1850,0.8086,-0.8438,81.83,-149.24,2250.92
2.0409,0.1825,0.8013,-0.8398,83.51,-150.08,2250.78
2.0433,0.1713,0.7979,-0.8335,84.70,-152.39,2250.43
2.0457,0.1679,0.7954,-0.8340,85.40,-154.91,2250.22
2.0481,0.1688,0.7837,-0.8467,86.17,-156.52,2249.94
2.0505,0.1630,0.7842,-0.8584,88.27,-156.87,2249.52
2.0529,0.1508,0.7950,-0.8662,87.92,-158.48,2249.59
2.0553,0.1469,0.7906,-0.8716,87.85,-159.95,2249.38
2.0577,0.1376,0.7896,-0.8735,89.18,-159.81,2249.24
2.0601,0.1279,0.8067,-0.8452,89.11,-161.07,2249.24
2.0625,0.1191,0.8228,-0.7876,87.43,-161.28,2249.31
2.0649,0.1098,0.8233,-0.7779,87.50,-161.91,2248.75
2.0673,0.1103,0.8364,-0.7959,87.29,-161.63,2248.40
2.0697,0.1000,0.8599,-0.7876,84.35,-161.21,2248.33
2.0721,0.0976,0.8574,-0.7832,81.83,-162.19,2248.26
2.0745,0.1098,0.8520,-0.7832,81.97,-161.28,2248.26
2.0769,0.1049,0.8506,-0.8096,80.78,-158.97,2248.47
2.0793,0.0864,0.8296,-0.8628,79.24,-158.41,2248.47
2.0817,0.0766,0.8013,-0.9135,80.92,-157.64,2248.19
2.0841,0.0576,0.7886,-0.9526,83.09,-155.75,2248.05
2.0865,0.0312,0.7852,-0.9731,83.79,-156.03,2247.77
2.0889,0.0210,0.7764,-0.9638,85.47,-156.38,2247.56
2.0913,0.0117,0.7867,-0.9443,89.67,-154.98,2247.70
2.0938,-0.0024,0.8111,-0.9272,91.28,-154.49,2247.56
2.0962,-0.0146,0.8184,-0.9487,93.03,-154.00,2247.14
2.0986,-0.0205,0.8252,-0.9745,95.55,-153.79,2247.14
2.1010,-0.0146,0.8413,-0.9599,97.86,-152.39,2247.14
2.1034,-0.0151,0.8545,-0.9282,99.05,-150.08,2247.21
2.1058,-0.0132,0.8599,-0.8950,100.94,-149.38,2246.86
2.1082,0.0049,0.8735,-0.8808,103.60,-146.79,2247.07
2.1106,0.0049,0.8872,-0.8965,104.93,-142.73,2247.07
2.1130,0.0020,0.8857,-0.9326,106.26,-141.54,2246.79
2.1154,0.0093,0.8974,-0.9570,108.08,-138.53,2246.86
2.1178,0.0020,0.9179,-0.9745,108.78,-135.03,2246.86
2.1202,-0.0034,0.9233,-0.9648,109.13,-133.28,2246.79
2.1226,0.0015,0.9321,-0.9477,110.67,-130.76,2246.51
2.1250,0.0049,0.9584,-0.9711,110.32,-128.24,2246.44
2.1274,0.0132,0.9662,-1.0067,109.20,-126.70,2246.58
2.1298,0.0195,0.9740,-1.0433,110.11,-124.11,2246.72
2.1322,0.0298,0.9897,-1.0634,108.36,-122.57,2246.51
2.1346,0.0483,0.9877,-1.0502,107.38,-119.63,2246.72
2.1370,0.0512,0.9843,-1.0311,106.89,-117.46,2246.72
2.1394,0.0664,0.9882,-1.0102,106.26,-117.25,2246.44
2.1418,0.0844,0.9828,-1.0072,105.00,-113.75,2246.30
2.1442,0.0854,0.9721,-1.0277,104.79,-112.00,2246.37
2.1466,0.0976,0.9682,-1.0429,104.09,-110.74,2246.51
2.1490,0.1049,0.9672,-1.0443,103.04,-108.29,2246.65
2.1514,0.1157,0.9658,-1.0297,102.20,-108.15,2246.44
2.1538,0.1342,0.9584,-0.9877,101.57,-106.40,2246.58
2.1563,0.1479,0.9599,-0.9589,100.94,-105.28,2246.23
2.1587,0.1645,0.9550,-0.9589,99.12,-103.95,2246.09
2.1611,0.1693,0.9462,-0.9653,98.49,-102.97,2245.81
2.1635,0.1801,0.9438,-0.9653,97.37,-103.18,2246.02
2.1659,0.1972,0.9399,-0.9536,95.48,-101.08,2246.16
2.1683,0.2015,0.9301,-0.9331,93.10,-100.52,2246.09
2.1707,0.2216,0.9145,-0.8789,91.63,-101.71,2245.67
2.1731,0.2464,0.9096,-0.8535,89.53,-99.26,2245.67
2.1755,0.2474,0.9018,-0.8725,86.94,-98.00,2245.67
2.1779,0.2494,0.8984,-0.8969,85.40,-98.49,2245.46
2.1803,0.2606,0.8906,-0.9179,82.04,-98.00,2245.46
2.1827,0.2533,0.8686,-0.9043,79.45,-97.23,2245.46
2.1851,0.2367,0.8574,-0.8642,77.35,-99.61,2245.18
2.1875,0.2411,0.8418,-0.8345,74.76,-101.50,2245.25
2.1899,0.2406,0.8257,-0.8418,73.57,-101.36,2244.90
2.1923,0.2250,0.8276,-0.8740,71.40,-103.60,2244.83
2.1947,0.2313,0.8174,-0.9145,68.67,-106.61,2244.27
2.1971,0.2381,0.8047,-0.9213,67.76,-107.10,2244.41
2.1995,0.2240,0.8032,-0.8808,65.59,-109.27,2244.06
2.2019,0.2167,0.7906,-0.8428,62.79,-112.35,2243.78
2.2043,0.2152,0.7710,-0.8330,61.95,-114.45,2243.50
2.2067,0.2142,0.7662,-0.8642,61.81,-116.20,2243.22
2.2091,0.2054,0.7647,-0.9174,59.78,-118.30,2242.94
2.2115,0.1976,0.7491,-0.9516,59.08,-121.66,2242.80
2.2139,0.1923,0.7403,-0.9326,58.94,-123.90,2242.66
2.2163,0.1869,0.7296,-0.9023,58.59,-126.21,2242.03
2.2188,0.1864,0.7144,-0.9018,59.15,-127.33,2241.54
2.2212,0.1776,0.7164,-0.9443,60.55,-129.08,2241.33
2.2236,0.1635,0.7266,-0.9931,60.27,-131.81,2241.12
2.2260,0.1532,0.7276,-1.0175,60.69,-134.12,2240.77
2.2284,0.1401,0.7305,-1.0048,61.11,-135.03,2240.84
2.2308,0.1249,0.7379,-0.9531,61.39,-136.99,2240.56
2.2332,0.1166,0.7393,-0.9111,61.46,-138.81,2240.28
2.2356,0.1103,0.7398,-0.9052,62.58,-140.07,2239.79
2.2380,0.0986,0.7481,-0.9409,63.14,-140.84,2239.65
2.2404,0.0825,0.7549,-0.9706,63.21,-142.45,2239.58
2.2428,0.0756,0.7579,-0.9614,63.70,-143.92,2239.65
2.2452,0.0742,0.7627,-0.9282,64.75,-144.41,2239.30
2.2476,0.0664,0.7696,-0.8994,65.52,-145.04,2239.02
2.2500,0.0556,0.7701,-0.8940,66.08,-145.60,2238.74
2.2524,0.0410,0.7784,-0.9282,67.83,-146.44,2238.46
2.2548,0.0278,0.7906,-0.9648,68.53,-147.35,2238.04
2.2572,0.0234,0.7984,-0.9721,70.14,-147.77,2238.25
2.2596,0.0112,0.8140,-0.9404,71.26,-148.96,2238.18
2.2620,0.0205,0.8198,-0.8872,72.31,-151.13,2237.76
2.2644,0.0288,0.8247,-0.8555,74.13,-148.75,2237.83
2.2668,0.0137,0.8335,-0.8618,75.39,-149.59,2237.34
2.2692,0.0181,0.8413,-0.8794,76.72,-150.22,2237.20
2.2716,0.0132,0.8540,-0.8872,77.98,-148.75,2237.06
2.2740,0.0102,0.8657,-0.8740,79.45,-149.31,2236.99
2.2764,0.0156,0.8818,-0.8428,81.20,-148.12,2236.85
2.2788,0.0151,0.8945,-0.8286,82.81,-147.63,2236.78
2.2813,0.0244,0.8979,-0.8267,85.12,-146.37,2236.64
2.2837,0.0210,0.9116,-0.8550,87.71,-144.34,2236.50
2.2861,0.0210,0.9218,-0.8652,88.55,-144.83,2236.36
2.2885,0.0386,0.9238,-0.8638,91.00,-142.87,2236.15
2.2909,0.0410,0.9345,-0.8696,92.75,-141.19,2236.36
2.2933,0.0429,0.9418,-0.8725,94.64,-140.63,2236.01
2.2957,0.0508,0.9545,-0.8852,96.11,-138.74,2235.94
2.2981,0.0551,0.9618,-0.8984,96.67,-137.34,2235.80
2.3005,0.0522,0.9697,-0.9243,97.58,-135.17,2235.80
2.3029,0.0615,0.9765,-0.9443,97.65,-136.01,2235.73
2.3053,0.0795,0.9814,-0.9384,98.70,-133.49,2236.01
2.3077,0.0756,0.9931,-0.9243,98.84,-132.30,2235.45
2.3101,0.0888,0.9980,-0.9277,98.35,-132.51,2235.38
2.3125,0.1098,1.0014,-0.9550,98.42,-130.06,2235.24
2.3149,0.1161,0.9999,-0.9833,97.79,-129.15,2235.10
2.3173,0.1337,0.9862,-0.9648,97.72,-128.52,2235.17
2.3197,0.1479,0.9726,-0.9370,98.00,-126.42,2235.03
2.3221,0.1591,0.9604,-0.9145,98.07,-125.16,2234.96
2.3245,0.1732,0.9516,-0.8965,98.63,-123.76,2234.89
2.3269,0.1874,0.9536,-0.9174,98.42,-122.50,2234.61
2.3293,0.2035,0.9521,-0.9579,97.58,-120.33,2234.75
2.3317,0.2011,0.9496,-0.9838,97.30,-118.02,2234.75
2.3341,0.2035,0.9414,-0.9614,95.97,-119.00,2234.75
2.3365,0.2298,0.9252,-0.9135,95.34,-117.67,2234.75
2.3389,0.2372,0.9150,-0.8857,94.22,-115.22,2235.03
2.3413,0.2372,0.9004,-0.8789,93.24,-115.29,2234.61
2.3438,0.2499,0.8843,-0.8955,92.96,-114.03,2234.61
2.3462,0.2494,0.8750,-0.9048,91.98,-111.79,2234.54
2.3486,0.2440,0.8613,-0.8896,90.72,-112.00,2234.12
2.3510,0.2508,0.8398,-0.8525,89.60,-112.21,2234.05
2.3534,0.2572,0.8272,-0.8242,89.11,-110.81,2234.12
2.3558,0.2479,0.8233,-0.8247,87.92,-109.55,2234.12
2.3582,0.2406,0.8101,-0.8477,87.15,-109.69,2233.77
2.3606,0.2406,0.8042,-0.8638,86.24,-108.92,2234.05
2.3630,0.2372,0.7920,-0.8613,84.49,-108.57,2234.05
2.3654,0.2352,0.7730,-0.8423,84.35,-108.71,2233.56
2.3678,0.2367,0.7613,-0.8028,83.72,-108.71,2233.42
2.3702,0.2381,0.7452,-0.7891,83.23,-107.80,2233.00
2.3726,0.2225,0.7310,-0.7920,82.46,-107.03,2232.51
2.3750,0.2098,0.7198,-0.8037,81.76,-107.94,2233.14
2.3774,0.2006,0.7130,-0.8106,80.78,-107.10,2233.07
2.3798,0.1835,0.7061,-0.7998,80.36,-107.73,2232.72
2.3822,0.1757,0.7003,-0.7720,79.66,-108.71,2232.58
2.3846,0.1718,0.6954,-0.7466,79.03,-109.34,2232.37
2.3870,0.1557,0.6871,-0.7388,78.40,-109.06,2232.37
2.3894,0.1371,0.6856,-0.7569,78.33,-110.32,2232.02
2.3918,0.1254,0.6930,-0.7813,77.00,-111.09,2232.02
2.3942,0.1118,0.6978,-0.7720,75.81,-112.14,2231.81
2.3966,0.1078,0.6998,-0.7462,75.11,-113.68,2231.39
2.3990,0.1035,0.7086,-0.7183,74.69,-114.03,2231.39
2.4014,0.0898,0.7169,-0.7261,73.50,-114.45,2230.97
2.4038,0.0756,0.7232,-0.7505,72.59,-116.06,2230.90
2.4063,0.0703,0.7340,-0.7549,71.47,-118.09,2230.69
2.4087,0.0673,0.7422,-0.7584,70.49,-118.93,2230.62
2.4111,0.0600,0.7510,-0.7549,69.58,-120.47,2230.34
2.4135,0.0576,0.7569,-0.7505,68.60,-122.15,2230.06
2.4159,0.0478,0.7613,-0.7535,67.55,-122.64,2230.13
2.4183,0.0405,0.7671,-0.7593,66.78,-124.81,2229.92
2.4207,0.0405,0.7774,-0.7867,65.87,-126.00,2229.71
2.4231,0.0381,0.7832,-0.8140,64.47,-127.89,2229.43
2.4255,0.0390,0.7837,-0.8286,64.89,-128.38,2229.15
2.4279,0.0322,0.7998,-0.8150,64.61,-129.50,2229.22
2.4303,0.0390,0.8125,-0.7788,64.19,-131.18,2228.80
2.4327,0.0400,0.8237,-0.7686,65.24,-130.34,2228.87
2.4351,0.0264,0.8403,-0.7823,65.80,-131.67,2228.66
2.4375,0.0254,0.8486,-0.8115,66.01,-132.16,2228.38
2.4399,0.0224,0.8520,-0.8276,65.94,-132.51,2228.24
2.4423,0.0293,0.8540,-0.8130,67.06,-133.91,2227.96
2.4447,0.0400,0.8584,-0.7881,68.04,-133.77,2228.17
2.4471,0.0464,0.8652,-0.7642,69.02,-134.54,2227.96
2.4495,0.0576,0.8696,-0.7623,70.07,-134.47,2227.61
2.4519,0.0605,0.8774,-0.7871,71.75,-133.84,2227.40
2.4543,0.0644,0.8852,-0.7881,73.01,-133.98,2227.26
2.4567,0.0712,0.8857,-0.7637,74.97,-133.21,2227.33
2.4591,0.0752,0.8882,-0.7335,76.86,-132.86,2227.33
2.4615,0.0854,0.8886,-0.7081,79.03,-132.16,2227.12
2.4639,0.0898,0.8926,-0.7120,81.55,-130.97,2226.63
2.4663,0.0956,0.8999,-0.7354,83.37,-130.90,2226.70
2.4688,0.1078,0.8955,-0.7447,85.33,-129.15,2226.49
2.4712,0.1093,0.8901,-0.7335,87.92,-128.10,2226.70
2.4736,0.1132,0.8945,-0.7120,89.95,-127.82,2226.56
2.4760,0.1244,0.8999,-0.7105,91.28,-126.21,2226.35
2.4784,0.1288,0.9038,-0.7349,93.31,-124.67,2226.14
2.4808,0.1269,0.9052,-0.7662,94.71,-123.76,2226.00
2.4832,0.1327,0.9048,-0.8042,96.11,-122.85,2225.79
2.4856,0.1371,0.9023,-0.8267,97.16,-121.17,2225.72
2.4880,0.1396,0.8989,-0.8320,98.42,-120.47,2225.86
2.4904,0.1479,0.8979,-0.8276,99.05,-120.12,2225.58
2.4928,0.1606,0.8901,-0.8316,99.89,-118.79,2225.44
2.4952,0.1674,0.8784,-0.8477,101.01,-117.11,2225.51
2.4976,0.1703,0.8750,-0.8657,102.13,-116.62,2225.30
2.5000,0.1698,0.8725,-0.8843,102.20,-115.85,2225.58
2.5024,0.1649,0.8725,-0.8847,102.34,-115.78,2225.02
2.5048,0.1742,0.8725,-0.8789,102.97,-115.08,2224.81
2.5072,0.1806,0.8686,-0.8745,102.76,-113.68,2224.81
2.5096,0.1835,0.8652,-0.8945,102.69,-113.47,2224.46
2.5120,0.1913,0.8530,-0.9121,102.41,-112.77,2224.46
2.5144,0.1903,0.8530,-0.9184,102.27,-111.93,2224.46
2.5168,0.1840,0.8457,-0.9213,99.89,-112.35,2224.46
2.5192,0.1845,0.8252,-0.9062,99.61,-112.77,2224.25
2.5216,0.1825,0.8218,-0.8838,99.12,-112.35,2224.25
2.5240,0.1776,0.8159,-0.8740,97.37,-112.77,2223.69
2.5264,0.1771,0.8037,-0.8862,95.76,-113.40,2223.69
2.5288,0.1845,0.7964,-0.8999,95.41,-114.10,2223.48
2.5313,0.1854,0.7950,-0.9135,94.29,-113.26,2223.55
2.5337,0.1737,0.7886,-0.9184,92.05,-114.52,2223.41
2.5361,0.1737,0.7798,-0.9067,91.14,-116.34,2223.06
2.5385,0.1737,0.7759,-0.8935,89.81,-116.06,2223.41
2.5409,0.1659,0.7701,-0.8891,88.69,-116.41,2223.06
2.5433,0.1566,0.7681,-0.8857,87.29,-117.46,2222.64
2.5457,0.1557,0.7637,-0.8940,85.82,-119.14,2222.50
2.5481,0.1542,0.7598,-0.9091,84.63,-118.79,2222.50
2.5505,0.1420,0.7554,-0.9096,82.81,-120.33,2222.22
2.5529,0.1425,0.7476,-0.9013,81.55,-122.08,2222.15
2.5553,0.1366,0.7442,-0.8828,80.08,-121.94,2222.08
2.5577,0.1293,0.7393,-0.8891,78.89,-122.99,2221.52
2.5601,0.1264,0.7408,-0.9130,77.77,-123.41,2221.73
2.5625,0.1225,0.7447,-0.9135,76.09,-124.95,2221.59
2.5649,0.1171,0.7457,-0.9018,75.18,-125.02,2221.45
2.5673,0.1078,0.7486,-0.8808,73.99,-126.07,2221.24
2.5697,0.1025,0.7530,-0.8579,73.15,-126.42,2221.10
2.5721,0.0913,0.7525,-0.8613,71.68,-126.91,2220.96
2.5745,0.0869,0.7520,-0.8735,70.98,-128.10,2220.96
2.5769,0.0839,0.7579,-0.8638,70.42,-127.96,2220.68
2.5793,0.0810,0.7593,-0.8691,69.79,-128.94,2220.33
2.5817,0.0756,0.7579,-0.8745,69.30,-128.87,2220.47
2.5841,0.0576,0.7618,-0.8711,69.09,-129.29,2220.26
2.5865,0.0488,0.7666,-0.8706,69.02,-130.27,2219.98
2.5889,0.0444,0.7730,-0.8691,69.65,-130.48,2219.77
2.5913,0.0381,0.7847,-0.8725,69.44,-131.39,2219.56
2.5938,0.0351,0.7920,-0.8750,69.79,-131.88,2219.63
2.5962,0.0337,0.7969,-0.8682,70.28,-132.65,2219.49
2.5986,0.0337,0.8042,-0.8462,71.19,-132.93,2219.07
2.6010,0.0298,0.8150,-0.8276,71.75,-132.79,2219.14
2.6034,0.0283,0.8223,-0.8272,72.45,-133.35,2219.00
2.6058,0.0283,0.8350,-0.8408,74.13,-133.28,2218.79
2.6082,0.0224,0.8506,-0.8438,74.62,-133.42,2218.51
2.6106,0.0190,0.8574,-0.8374,75.39,-134.33,2218.44
2.6130,0.0264,0.8677,-0.8237,76.86,-134.89,2218.23
2.6154,0.0351,0.8789,-0.8154,77.98,-134.05,2218.09
2.6178,0.0322,0.8882,-0.8115,79.17,-133.63,2217.95
2.6202,0.0337,0.8867,-0.8159,80.08,-133.91,2217.95
2.6226,0.0429,0.8877,-0.8154,81.69,-133.77,2217.81
2.6250,0.0493,0.8940,-0.8189,82.88,-132.93,2217.67
2.6274,0.0581,0.8979,-0.8223,84.77,-133.07,2217.53
2.6298,0.0688,0.8979,-0.8008,86.80,-132.58,2217.60
2.6322,0.0747,0.9013,-0.8115,88.55,-131.18,2217.39
2.6346,0.0795,0.9101,-0.8364,89.60,-130.27,2217.25
2.6370,0.0839,0.9091,-0.8560,91.21,-129.50,2217.25
2.6394,0.0898,0.9072,-0.8603,92.82,-129.29,2217.25
2.6418,0.0976,0.9062,-0.8447,94.15,-128.24,2217.11
2.6442,0.1025,0.9018,-0.8316,95.48,-127.26,2216.90
2.6466,0.1118,0.8965,-0.8291,97.44,-126.56,2216.76
2.6490,0.1171,0.8999,-0.8447,99.19,-125.02,2216.83
2.6514,0.1186,0.9008,-0.8662,100.10,-124.25,2216.55
2.6538,0.1279,0.8926,-0.8716,101.64,-123.41,2216.55
2.6563,0.1342,0.8906,-0.8618,103.18,-122.22,2216.27
2.6587,0.1386,0.8823,-0.8520,103.95,-121.03,2216.27
2.6611,0.1435,0.8760,-0.8545,105.77,-119.77,2216.41
2.6635,0.1396,0.8760,-0.8691,106.40,-119.28,2216.13
2.6659,0.1493,0.8735,-0.8813,107.52,-118.93,2215.85
2.6683,0.1537,0.8716,-0.9028,107.87,-115.92,2215.64
2.6707,0.1503,0.8633,-0.9062,108.01,-116.69,2215.50
2.6731,0.1610,0.8564,-0.8784,108.85,-115.50,2215.50
2.6755,0.1620,0.8520,-0.8589,108.78,-113.96,2215.50
2.6779,0.1640,0.8481,-0.8623,108.64,-114.10,2215.15
2.6803,0.1684,0.8389,-0.8833,108.36,-112.70,2215.22
2.6827,0.1698,0.8345,-0.9062,108.22,-112.07,2215.15
2.6851,0.1732,0.8286,-0.9023,106.68,-111.37,2215.01
2.6875,0.1737,0.8140,-0.8799,106.61,-110.88,2214.80
2.6899,0.1718,0.8081,-0.8520,105.42,-110.25,2215.01
2.6923,0.1674,0.8081,-0.8423,103.95,-109.76,2214.87
2.6947,0.1645,0.8047,-0.8677,102.55,-109.55,2214.73
2.6971,0.1601,0.7979,-0.8926,101.08,-109.48,2214.59
2.6995,0.1523,0.7974,-0.8994,99.19,-109.48,2214.73
2.7019,0.1469,0.7935,-0.8891,96.67,-109.97,2214.52
2.7043,0.1464,0.7862,-0.8686,94.71,-110.81,2214.31
2.7067,0.1479,0.7818,-0.8530,93.03,-111.44,2214.03
2.7091,0.1444,0.7779,-0.8608,90.93,-111.37,2213.82
2.7115,0.1362,0.7706,-0.8833,88.76,-112.35,2213.82
2.7139,0.1337,0.7647,-0.8921,86.73,-113.68,2213.54
2.7163,0.1322,0.7627,-0.8804,84.21,-113.89,2213.47
2.7188,0.1274,0.7549,-0.8623,81.97,-114.94,2213.47
2.7212,0.1293,0.7481,-0.8569,80.78,-115.78,2213.33
2.7236,0.1259,0.7525,-0.8677,78.89,-115.78,2213.26
2.7260,0.1181,0.7574,-0.8818,76.79,-116.97,2212.63
2.7284,0.1137,0.7608,-0.9018,74.90,-117.25,2212.63
2.7308,0.1064,0.7662,-0.9008,72.45,-118.23,2212.63
2.7332,0.1054,0.7676,-0.8789,70.21,-119.49,2212.49
2.7356,0.1010,0.7662,-0.8628,68.18,-120.05,2212.42
2.7380,0.0956,0.7706,-0.8667,66.64,-120.82,2212.21
2.7404,0.0908,0.7764,-0.8911,64.68,-120.96,2212.28
2.7428,0.0849,0.7823,-0.9223,62.79,-122.64,2211.93
2.7452,0.0883,0.7862,-0.9340,60.97,-123.48,2211.93
2.7476,0.0878,0.7881,-0.9238,59.85,-123.20,2211.79
2.7500,0.0849,0.7915,-0.9028,58.38,-124.04,2211.79
2.7524,0.0917,0.7925,-0.8838,57.19,-124.88,2211.58
2.7548,0.0937,0.7974,-0.8969,55.86,-124.81,2211.44
2.7572,0.0917,0.8013,-0.9135,54.74,-125.58,2211.23
2.7596,0.0888,0.8047,-0.9248,54.04,-124.95,2211.16
2.7620,0.0834,0.8057,-0.9301,52.92,-125.86,2211.02
2.7644,0.0893,0.8052,-0.9135,52.85,-126.00,2210.81
2.7668,0.0854,0.8096,-0.8984,52.78,-125.23,2210.95
2.7692,0.0795,0.8111,-0.9018,52.57,-126.63,2210.60
2.7716,0.0864,0.8111,-0.9150,53.20,-126.07,2210.32
2.7740,0.0849,0.8159,-0.9311,53.90,-125.79,2210.32
2.7764,0.0795,0.8203,-0.9311,54.39,-126.14,2210.11
2.7788,0.0795,0.8233,-0.9077,55.58,-126.35,2209.83
2.7813,0.0786,0.8301,-0.8979,57.05,-126.14,2209.76
2.7837,0.0771,0.8350,-0.9087,57.82,-126.35,2209.62
2.7861,0.0791,0.8355,-0.9150,59.29,-126.70,2209.55
2.7885,0.0810,0.8408,-0.9170,61.67,-126.63,2209.55
2.7909,0.0815,0.8496,-0.9072,63.07,-126.77,2209.27
2.7933,0.0849,0.8520,-0.9043,64.96,-126.84,2208.99
2.7957,0.0883,0.8540,-0.8979,67.69,-126.70,2208.78
2.7981,0.0917,0.8599,-0.8896,70.35,-126.42,2208.50
2.8005,0.0864,0.8657,-0.9023,72.38,-126.07,2208.57
2.8029,0.0883,0.8667,-0.9160,75.32,-127.33,2208.29
2.8053,0.0966,0.8750,-0.9126,78.26,-126.77,2208.22
2.8077,0.0961,0.8799,-0.8979,80.43,-127.26,2208.08
2.8101,0.1020,0.8755,-0.8833,83.09,-127.75,2207.94
2.8125,0.1093,0.8745,-0.8652,85.82,-128.10,2207.52
2.8149,0.1147,0.8750,-0.8662,88.48,-128.45,2207.10
2.8173,0.1186,0.8784,-0.8750,90.86,-128.52,2207.24
2.8197,0.1230,0.8808,-0.8926,93.52,-128.31,2207.03
2.8221,0.1244,0.8828,-0.9067,95.55,-127.96,2206.89
2.8245,0.1283,0.8779,-0.9057,97.23,-128.52,2206.82
2.8269,0.1332,0.8662,-0.9077,99.19,-128.03,2206.68
2.8293,0.1298,0.8560,-0.9145,101.64,-127.68,2206.40
2.8317,0.1293,0.8496,-0.9326,103.60,-128.03,2205.98
2.8341,0.1254,0.8442,-0.9511,105.98,-127.47,2206.26
2.8365,0.1220,0.8389,-0.9711,108.15,-127.54,2206.19
2.8389,0.1230,0.8359,-0.9775,110.11,-128.03,2205.77
2.8413,0.1244,0.8306,-0.9789,111.93,-128.03,2205.35
2.8438,0.1240,0.8272,-0.9848,113.89,-128.03,2205.42
2.8462,0.1244,0.8242,-0.9897,115.57,-128.17,2205.28
2.8486,0.1244,0.8228,-1.0014,116.97,-127.89,2205.35
2.8510,0.1230,0.8267,-1.0028,117.95,-128.38,2205.00
2.8534,0.1264,0.8237,-1.0004,119.00,-128.59,2204.79
2.8558,0.1279,0.8194,-0.9936,119.98,-128.17,2204.72
2.8582,0.1264,0.8135,-0.9931,120.26,-127.61,2204.51
2.8606,0.1298,0.8076,-0.9984,120.26,-127.40,2204.23
2.8630,0.1366,0.8037,-1.0126,120.82,-126.42,2204.02
2.8654,0.1362,0.8062,-1.0326,120.19,-125.23,2204.09
2.8678,0.1327,0.7979,-1.0404,118.79,-124.81,2204.02
2.8702,0.1327,0.7881,-1.0350,118.79,-123.62,2204.09
2.8726,0.1269,0.7901,-1.0141,117.53,-122.29,2204.16
2.8750,0.1240,0.7808,-0.9999,115.92,-121.45,2204.02
2.8774,0.1235,0.7769,-0.9941,114.66,-119.98,2204.02
2.8798,0.1210,0.7769,-0.9941,112.56,-119.00,2203.60
2.8822,0.1166,0.7759,-0.9911,110.11,-117.46,2203.74
2.8846,0.1108,0.7740,-0.9770,107.52,-117.11,2203.60
2.8870,0.1127,0.7730,-0.9526,105.28,-116.06,2203.53
2.8894,0.1049,0.7720,-0.9370,102.34,-114.24,2203.60
2.8918,0.0956,0.7671,-0.9438,99.61,-114.17,2203.53
2.8942,0.0956,0.7662,-0.9462,96.74,-113.61,2203.25
2.8966,0.0956,0.7671,-0.9379,93.31,-112.63,2203.39
2.8990,0.0913,0.7632,-0.9292,90.23,-111.93,2203.60
2.9014,0.0922,0.7608,-0.9282,87.78,-111.37,2203.39
2.9038,0.0869,0.7623,-0.9340,84.35,-109.90,2203.46
2.9063,0.0766,0.7652,-0.9428,81.06,-109.55,2203.32
2.9087,0.0752,0.7676,-0.9531,77.91,-109.41,2203.04
2.9111,0.0722,0.7749,-0.9589,74.97,-109.13,2203.04
2.9135,0.0732,0.7784,-0.9584,71.68,-109.34,2202.83
2.9159,0.0756,0.7793,-0.9516,68.74,-108.64,2202.83
2.9183,0.0742,0.7852,-0.9472,65.45,-108.99,2202.97
2.9207,0.0786,0.7876,-0.9487,62.72,-108.78,2202.76
2.9231,0.0727,0.7950,-0.9648,60.34,-108.01,2202.62
2.9255,0.0688,0.7998,-0.9736,57.54,-109.48,2202.41
2.9279,0.0786,0.7989,-0.9755,55.23,-109.13,2202.27
2.9303,0.0786,0.8023,-0.9706,53.20,-109.48,2202.34
2.9327,0.0805,0.8076,-0.9545,50.96,-110.11,2202.27
2.9351,0.0839,0.8076,-0.9516,49.21,-110.04,2202.06
2.9375,0.0830,0.8076,-0.9579,47.67,-110.60,2201.92
2.9399,0.0834,0.8115,-0.9706,46.41,-111.16,2201.64
2.9423,0.0844,0.8150,-0.9716,45.01,-111.86,2201.64
2.9447,0.0888,0.8189,-0.9545,44.17,-112.63,2201.57
2.9471,0.0908,0.8301,-0.9414,44.03,-113.26,2201.01
2.9495,0.0932,0.8355,-0.9448,43.05,-114.24,2200.80
2.9519,0.0976,0.8350,-0.9457,43.40,-115.08,2200.94
2.9543,0.0991,0.8428,-0.9384,44.03,-115.92,2200.66
2.9567,0.1015,0.8438,-0.9428,43.40,-117.04,2200.52
2.9591,0.1069,0.8403,-0.9394,44.17,-118.23,2200.17
2.9615,0.1064,0.8442,-0.9301,45.57,-118.72,2200.10
2.9639,0.1035,0.8486,-0.9140,46.55,-120.26,2199.82
2.9663,0.1044,0.8467,-0.8969,47.74,-121.24,2199.68
2.9688,0.1069,0.8428,-0.8857,49.91,-122.50,2199.40
2.9712,0.1113,0.8501,-0.8843,52.43,-123.62,2198.98
2.9736,0.1137,0.8550,-0.9028,53.97,-124.74,2198.91
2.9760,0.1181,0.8520,-0.9082,56.49,-126.42,2198.63
2.9784,0.1230,0.8550,-0.8960,59.71,-127.82,2198.56
2.9808,0.1264,0.8555,-0.8696,62.02,-129.08,2198.21
2.9832,0.1322,0.8540,-0.8584,65.10,-130.62,2198.00
2.9856,0.1352,0.8603,-0.8740,68.39,-131.74,2197.86
2.9880,0.1337,0.8623,-0.8911,71.19,-132.79,2197.51
2.9904,0.1342,0.8628,-0.9018,74.06,-134.68,2197.37
2.9928,0.1405,0.8638,-0.9096,77.00,-135.66,2197.02
2.9952,0.1469,0.8603,-0.8891,79.66,-136.99,2196.88
2.9976,0.1518,0.8540,-0.8613,82.74,-137.90,2196.39
3.0000,0.1469,0.8540,-0.8618,85.75,-138.32,2196.25
3.0024,0.1430,0.8540,-0.8764,88.34,-140.07,2196.11
3.0048,0.1488,0.8511,-0.9043,91.56,-140.28,2195.97
3.0072,0.1474,0.8511,-0.9160,94.01,-140.98,2195.76
3.0096,0.1508,0.8438,-0.8999,96.60,-141.89,2195.55
3.0120,0.1523,0.8350,-0.8721,99.12,-141.61,2195.34
3.0144,0.1503,0.8291,-0.8564,101.78,-142.10,2195.20
3.0168,0.1488,0.8237,-0.8589,104.02,-142.10,2195.06
3.0192,0.1479,0.8242,-0.8725,106.33,-142.24,2194.99
3.0216,0.1469,0.8208,-0.8813,107.94,-141.68,2195.06
3.0240,0.1430,0.8145,-0.8769,109.83,-141.68,2194.78
3.0264,0.1444,0.8115,-0.8608,111.23,-141.40,2194.50
3.0288,0.1449,0.8052,-0.8467,112.63,-140.70,2194.22
3.0313,0.1449,0.7998,-0.8516,114.24,-139.72,2193.94
3.0337,0.1430,0.7979,-0.8657,115.15,-138.60,2194.01
3.0361,0.1401,0.7915,-0.8667,115.50,-137.83,2193.94
3.0385,0.1405,0.7823,-0.8452,116.13,-136.71,2193.94
3.0409,0.1391,0.7749,-0.8198,116.62,-135.03,2194.01
3.0433,0.1347,0.7706,-0.7906,116.55,-133.63,2193.87
3.0457,0.1357,0.7637,-0.7725,116.41,-132.37,2193.80
3.0481,0.1347,0.7593,-0.7710,116.55,-130.13,2193.73
3.0505,0.1298,0.7637,-0.7764,115.92,-128.52,2193.59
3.0529,0.1279,0.7627,-0.7862,114.59,-126.14,2193.80
3.0553,0.1200,0.7564,-0.7706,113.54,-124.39,2193.73
3.0577,0.1166,0.7549,-0.7364,112.28,-122.78,2193.73
3.0601,0.1118,0.7530,-0.7130,110.39,-119.91,2193.87
3.0625,0.1035,0.7505,-0.7056,108.78,-118.09,2193.73
3.0649,0.1025,0.7505,-0.7208,106.68,-116.20,2193.80
3.0673,0.0991,0.7491,-0.7354,104.37,-113.89,2193.73
3.0697,0.0952,0.7476,-0.7252,101.99,-111.93,2193.73
3.0721,0.0952,0.7452,-0.6988,99.82,-109.76,2193.87
3.0745,0.0942,0.7457,-0.6754,97.16,-107.31,2193.87
3.0769,0.0859,0.7476,-0.6705,94.71,-105.00,2193.80
3.0793,0.0795,0.7501,-0.6798,92.05,-103.46,2193.52
3.0817,0.0786,0.7540,-0.6959,89.32,-101.15,2193.87
3.0841,0.0766,0.7564,-0.7027,86.17,-99.19,2194.08
3.0865,0.0781,0.7569,-0.7008,83.23,-98.07,2194.01
3.0889,0.0766,0.7623,-0.6925,80.57,-96.46,2193.87
3.0913,0.0747,0.7637,-0.6847,77.42,-95.27,2194.01
3.0938,0.0747,0.7671,-0.6925,74.83,-94.22,2194.01
3.0962,0.0732,0.7740,-0.7159,71.89,-93.80,2193.94
3.0986,0.0771,0.7779,-0.7315,69.02,-93.31,2193.87
3.1010,0.0781,0.7813,-0.7281,66.29,-92.68,2193.87
3.1034,0.0766,0.7847,-0.7125,63.70,-92.96,2193.73
3.1058,0.0805,0.7925,-0.6876,61.32,-92.96,2193.59
3.1082,0.0830,0.7935,-0.6871,58.87,-92.61,2193.59
3.1106,0.0844,0.7940,-0.7100,57.54,-93.31,2193.38
3.1130,0.0844,0.8037,-0.7315,55.30,-93.66,2193.24
3.1154,0.0830,0.8047,-0.7354,53.20,-94.57,2193.10
3.1178,0.0859,0.7993,-0.7218,52.43,-95.76,2193.10
3.1202,0.0874,0.8047,-0.7042,51.59,-96.95,2192.96
3.1226,0.0937,0.8111,-0.6895,50.54,-98.42,2192.47
3.1250,0.0966,0.8154,-0.7086,50.19,-99.26,2192.40
3.1274,0.0947,0.8233,-0.7305,50.05,-101.43,2192.19
3.1298,0.1035,0.8272,-0.7310,49.63,-102.83,2192.12
3.1322,0.1069,0.8223,-0.7237,49.77,-104.30,2191.91
3.1346,0.1088,0.8218,-0.7052,50.54,-106.96,2191.56
3.1370,0.1122,0.8272,-0.6895,51.17,-108.29,2191.28
3.1394,0.1113,0.8291,-0.6959,51.94,-110.53,2191.07
3.1418,0.1152,0.8311,-0.7164,53.41,-112.70,2190.93
3.1442,0.1205,0.8355,-0.7291,54.67,-115.15,2190.79
3.1466,0.1249,0.8369,-0.7286,55.79,-117.46,2190.44
3.1490,0.1274,0.8340,-0.7188,57.47,-119.77,2190.23
3.1514,0.1313,0.8325,-0.7120,59.57,-122.50,2189.95
3.1538,0.1357,0.8335,-0.7169,61.74,-124.74,2189.39
3.1563,0.1332,0.8350,-0.7359,63.84,-126.91,2189.11
3.1587,0.1366,0.8369,-0.7535,66.22,-129.71,2188.83
3.1611,0.1440,0.8355,-0.7603,68.46,-131.53,2188.76
3.1635,0.1444,0.8335,-0.7574,70.98,-134.05,2188.34
3.1659,0.1493,0.8325,-0.7564,73.50,-136.01,2188.13
3.1683,0.1503,0.8345,-0.7652,76.23,-137.62,2187.85
3.1707,0.1488,0.8335,-0.7784,78.54,-139.58,2187.50
3.1731,0.1493,0.8296,-0.7896,81.20,-141.12,2187.43
3.1755,0.1464,0.8247,-0.7945,83.51,-142.94,2187.29
3.1779,0.1488,0.8218,-0.7935,86.24,-144.48,2186.80
3.1803,0.1488,0.8203,-0.7871,88.90,-145.53,2186.52
3.1827,0.1464,0.8169,-0.7828,91.28,-147.14,2186.52
3.1851,0.1449,0.8130,-0.7920,93.73,-147.84,2186.31
3.1875,0.1425,0.8101,-0.8081,96.46,-148.47,2185.89
3.1899,0.1410,0.8120,-0.8115,98.77,-149.17,2185.82
3.1923,0.1396,0.8111,-0.8101,100.17,-149.94,2185.89
3.1947,0.1401,0.8047,-0.8072,102.55,-150.15,2185.47
3.1971,0.1376,0.8018,-0.7993,104.86,-150.22,2185.05
3.1995,0.1322,0.7984,-0.8042,105.63,-150.08,2184.98
3.2019,0.1313,0.7915,-0.8184,107.31,-150.15,2184.77
3.2043,0.1318,0.7906,-0.8330,109.55,-149.10,2184.77
3.2067,0.1259,0.7930,-0.8350,110.25,-148.33,2184.77
3.2091,0.1235,0.7906,-0.8252,110.74,-147.98,2184.42
3.2115,0.1244,0.7847,-0.8130,111.72,-146.65,2184.42
3.2139,0.1244,0.7862,-0.8057,112.77,-145.25,2184.28
3.2163,0.1152,0.7828,-0.8120,112.42,-143.15,2184.14
3.2188,0.1044,0.7749,-0.8194,112.56,-141.96,2184.14
3.2212,0.1020,0.7764,-0.8184,112.56,-140.14,2184.28
3.2236,0.0961,0.7788,-0.8130,111.86,-138.18,2184.14
3.2260,0.0947,0.7749,-0.8052,110.88,-136.15,2184.28
3.2284,0.0952,0.7706,-0.7945,110.53,-133.70,2184.07
3.2308,0.0913,0.7720,-0.7881,109.55,-131.32,2184.14
3.2332,0.0898,0.7720,-0.7886,108.08,-128.59,2184.28
3.2356,0.0844,0.7686,-0.7930,106.75,-125.79,2184.28
3.2380,0.0810,0.7710,-0.7969,105.14,-123.69,2184.35
3.2404,0.0825,0.7710,-0.7989,102.83,-120.75,2184.49
3.2428,0.0776,0.7681,-0.8052,101.15,-118.23,2184.49
3.2452,0.0761,0.7696,-0.8145,99.19,-116.20,2184.42
3.2476,0.0766,0.7749,-0.8111,97.09,-113.33,2184.42
3.2500,0.0732,0.7784,-0.8062,94.43,-110.95,2184.56
3.2524,0.0732,0.7779,-0.8052,92.33,-108.85,2184.49
3.2548,0.0747,0.7803,-0.8096,89.95,-106.05,2184.42
3.2572,0.0761,0.7808,-0.8242,87.29,-104.23,2184.42
3.2596,0.0805,0.7803,-0.8374,84.98,-101.99,2184.49
3.2620,0.0771,0.7832,-0.8438,82.46,-99.75,2184.63
3.2644,0.0776,0.7847,-0.8403,79.87,-98.63,2184.77
3.2668,0.0815,0.7847,-0.8350,77.56,-96.53,2184.56
3.2692,0.0825,0.7876,-0.8359,74.90,-95.27,2184.56
3.2716,0.0888,0.7871,-0.8481,72.10,-93.87,2184.56
3.2740,0.0898,0.7867,-0.8560,70.21,-92.47,2184.63
3.2764,0.0893,0.7871,-0.8486,67.83,-91.42,2184.70
3.2788,0.0893,0.7857,-0.8413,65.80,-90.65,2184.77
3.2813,0.0874,0.7847,-0.8506,64.12,-89.74,2184.84
3.2837,0.0878,0.7862,-0.8613,62.72,-89.74,2184.49
3.2861,0.0927,0.7925,-0.8686,61.18,-89.60,2184.35
3.2885,0.0932,0.7954,-0.8760,59.64,-89.32,2184.42
3.2909,0.0952,0.7935,-0.8677,58.80,-90.09,2184.14
3.2933,0.1035,0.7974,-0.8525,58.10,-90.16,2184.14
3.2957,0.1049,0.8023,-0.8477,57.19,-90.44,2183.86
3.2981,0.1054,0.7998,-0.8462,56.63,-91.42,2183.72
3.3005,0.1118,0.8018,-0.8423,56.63,-92.54,2183.51
3.3029,0.1152,0.8086,-0.8428,56.21,-93.59,2183.30
3.3053,0.1161,0.8076,-0.8369,56.07,-95.20,2182.88
3.3077,0.1176,0.8072,-0.8213,56.70,-96.81,2183.02
3.3101,0.1191,0.8091,-0.8032,57.19,-98.91,2182.53
3.3125,0.1225,0.8096,-0.8018,57.75,-100.66,2182.18
3.3149,0.1210,0.8101,-0.8111,58.80,-102.62,2182.04
3.3173,0.1244,0.8125,-0.8237,59.85,-105.21,2181.90
3.3197,0.1293,0.8159,-0.8296,60.76,-107.03,2181.69
3.3221,0.1303,0.8159,-0.8276,61.88,-109.76,2181.55
3.3245,0.1322,0.8125,-0.8159,63.21,-112.28,2181.13
3.3269,0.1327,0.8106,-0.8120,64.82,-114.59,2180.78
3.3293,0.1318,0.8106,-0.8272,66.01,-117.25,2180.36
3.3317,0.1322,0.8091,-0.8408,67.76,-120.12,2180.08
3.3341,0.1332,0.8101,-0.8442,69.72,-122.78,2179.87
3.3365,0.1332,0.8120,-0.8398,71.19,-125.23,2179.38
3.3389,0.1342,0.8076,-0.8335,72.94,-128.03,2179.17
3.3413,0.1357,0.8057,-0.8228,75.46,-130.97,2179.10
3.3438,0.1352,0.8111,-0.8257,77.49,-133.14,2178.82
3.3462,0.1337,0.8140,-0.8384,78.96,-135.80,2178.47
3.3486,0.1366,0.8125,-0.8467,81.20,-138.25,2178.26
3.3510,0.1391,0.8120,-0.8423,83.30,-140.42,2178.05
3.3534,0.1415,0.8091,-0.8306,85.05,-142.31,2177.63
3.3558,0.1405,0.8047,-0.8345,86.87,-143.71,2177.35
3.3582,0.1381,0.8008,-0.8481,88.90,-145.88,2177.07
3.3606,0.1410,0.7984,-0.8594,91.21,-146.93,2177.00
3.3630,0.1366,0.7989,-0.8662,92.82,-147.63,2176.86
3.3654,0.1327,0.7945,-0.8584,93.94,-149.52,2176.58
3.3678,0.1342,0.7881,-0.8486,96.04,-149.87,2176.30
3.3702,0.1303,0.7857,-0.8472,97.58,-150.15,2176.09
3.3726,0.1303,0.7803,-0.8545,98.84,-150.78,2175.88
3.3750,0.1279,0.7788,-0.8716,100.38,-150.36,2175.95
3.3774,0.1230,0.7813,-0.8838,101.64,-150.29,2175.74
3.3798,0.1196,0.7803,-0.8755,102.48,-149.73,2175.60
3.3822,0.1152,0.7788,-0.8599,103.53,-149.31,2175.60
3.3846,0.1118,0.7764,-0.8403,103.95,-148.40,2175.46
3.3870,0.1078,0.7745,-0.8272,104.51,-147.14,2175.32
3.3894,0.1020,0.7769,-0.8286,104.72,-145.88,2175.25
3.3918,0.1000,0.7759,-0.8374,105.00,-144.83,2175.25
3.3942,0.0986,0.7740,-0.8501,104.79,-142.66,2175.39
3.3966,0.0937,0.7720,-0.8501,104.30,-140.77,2175.46
3.3990,0.0917,0.7662,-0.8408,103.88,-138.88,2175.11
3.4014,0.0898,0.7642,-0.8184,103.74,-136.78,2175.25
3.4038,0.0888,0.7652,-0.8115,103.18,-134.40,2175.25
3.4063,0.0844,0.7676,-0.8252,102.41,-131.67,2175.11
3.4087,0.0810,0.7720,-0.8369,101.15,-129.22,2174.97
3.4111,0.0815,0.7696,-0.8355,99.96,-127.12,2174.97
3.4135,0.0834,0.7657,-0.8252,98.98,-124.25,2175.04
3.4159,0.0805,0.7676,-0.8189,97.58,-120.96,2175.46
3.4183,0.0752,0.7691,-0.8194,95.83,-118.93,2175.60
3.4207,0.0800,0.7696,-0.8369,94.71,-116.41,2175.46
3.4231,0.0786,0.7754,-0.8525,93.17,-112.98,2175.46
3.4255,0.0717,0.7774,-0.8599,91.28,-110.88,2175.39
3.4279,0.0717,0.7764,-0.8496,89.74,-108.57,2175.46
3.4303,0.0717,0.7793,-0.8389,88.48,-105.98,2175.60
3.4327,0.0737,0.7784,-0.8486,86.38,-103.46,2175.53
3.4351,0.0761,0.7793,-0.8589,84.84,-101.71,2175.39
3.4375,0.0786,0.7828,-0.8735,83.09,-99.33,2175.53
3.4399,0.0776,0.7871,-0.8769,81.48,-96.95,2175.60
3.4423,0.0781,0.7862,-0.8730,79.66,-95.27,2175.67
3.4447,0.0810,0.7891,-0.8755,78.47,-93.52,2175.53
3.4471,0.0800,0.7998,-0.8857,76.86,-92.05,2175.39
3.4495,0.0781,0.8013,-0.9043,74.97,-90.79,2175.60
3.4519,0.0800,0.7998,-0.9218,73.57,-90.16,2175.60
3.4543,0.0869,0.8003,-0.9189,72.24,-89.32,2175.39
3.4567,0.0898,0.8018,-0.9028,71.12,-88.55,2175.39
3.4591,0.0932,0.8003,-0.8926,70.00,-88.34,2175.18
3.4615,0.0996,0.7969,-0.8818,69.23,-87.99,2175.18
3.4639,0.1000,0.7974,-0.8833,68.74,-87.57,2175.04
3.4663,0.1000,0.7950,-0.8974,67.97,-87.64,2175.04
3.4688,0.1025,0.7950,-0.9062,68.11,-88.13,2174.83
3.4712,0.1064,0.7989,-0.9018,68.11,-88.62,2174.62
3.4736,0.1078,0.7984,-0.8847,67.83,-89.46,2174.55
3.4760,0.1108,0.7998,-0.8721,67.97,-90.65,2174.34
3.4784,0.1166,0.8037,-0.8662,68.04,-91.84,2173.92
3.4808,0.1215,0.8047,-0.8764,68.25,-93.03,2173.71
3.4832,0.1230,0.8052,-0.8901,68.67,-94.57,2173.57
3.4856,0.1244,0.8062,-0.8857,68.95,-96.60,2173.36
3.4880,0.1318,0.8067,-0.8769,69.44,-98.49,2173.15
3.4904,0.1327,0.8076,-0.8716,69.86,-100.24,2172.87
3.4928,0.1371,0.8057,-0.8721,70.21,-103.04,2172.66
3.4952,0.1435,0.8057,-0.8804,70.98,-104.37,2172.45
3.4976,0.1376,0.8042,-0.8960,71.26,-106.47,2172.24
3.5000,0.1401,0.7998,-0.9013,72.10,-109.55,2172.10
3.5024,0.1401,0.7989,-0.8843,72.52,-111.02,2171.75
3.5048,0.1366,0.7940,-0.8618,73.22,-114.10,2171.19
3.5072,0.1381,0.7915,-0.8516,74.34,-117.04,2171.05
3.5096,0.1366,0.7925,-0.8628,75.25,-119.35,2170.77
3.5120,0.1322,0.7935,-0.8828,76.16,-121.94,2170.77
3.5144,0.1293,0.7915,-0.8911,77.00,-125.02,2170.56
3.5168,0.1327,0.7901,-0.8799,78.40,-127.89,2170.21
3.5192,0.1303,0.7915,-0.8730,79.24,-129.99,2169.86
3.5216,0.1230,0.7891,-0.8711,80.43,-133.07,2169.58
3.5240,0.1230,0.7915,-0.8711,81.48,-135.94,2169.30
3.5264,0.1274,0.7959,-0.8852,82.18,-137.90,2168.95
3.5288,0.1244,0.7950,-0.9043,83.09,-140.07,2168.67
3.5313,0.1225,0.7979,-0.9121,84.28,-142.38,2168.32
3.5337,0.1249,0.7969,-0.9087,84.70,-144.41,2168.32
3.5361,0.1220,0.7920,-0.9023,85.33,-145.95,2168.04
3.5385,0.1210,0.7906,-0.8969,86.38,-147.91,2167.69
3.5409,0.1240,0.7925,-0.8974,87.01,-149.31,2167.48
3.5433,0.1230,0.7940,-0.9072,87.36,-150.22,2167.27
3.5457,0.1200,0.7945,-0.9160,88.06,-151.13,2167.27
3.5481,0.1181,0.7930,-0.9057,88.62,-151.76,2167.20
3.5505,0.1137,0.7886,-0.8940,88.97,-152.04,2166.92
3.5529,0.1088,0.7871,-0.8828,89.04,-152.53,2166.71
3.5553,0.1093,0.7881,-0.8701,89.39,-152.95,2166.71
3.5577,0.1113,0.7881,-0.8716,89.74,-152.25,2166.50
3.5601,0.1020,0.7867,-0.8852,90.02,-150.92,2166.22
3.5625,0.0971,0.7876,-0.8916,90.02,-151.27,2166.15
3.5649,0.1030,0.7886,-0.8794,89.88,-149.94,2166.15
3.5673,0.0991,0.7852,-0.8652,89.60,-147.77,2165.94
3.5697,0.0932,0.7813,-0.8613,89.95,-146.86,2165.80
3.5721,0.0927,0.7832,-0.8691,89.81,-145.60,2165.94
3.5745,0.0927,0.7852,-0.8872,89.74,-143.36,2165.94
3.5769,0.0864,0.7862,-0.8955,89.46,-141.33,2166.01
3.5793,0.0849,0.7852,-0.8877,89.11,-139.86,2165.87
3.5817,0.0854,0.7828,-0.8652,88.90,-137.41,2166.08
3.5841,0.0805,0.7837,-0.8496,88.90,-135.38,2166.01
3.5865,0.0786,0.7867,-0.8579,88.41,-133.07,2165.80
3.5889,0.0756,0.7901,-0.8760,87.85,-130.90,2165.73
3.5913,0.0752,0.7915,-0.8862,87.36,-128.45,2165.87
3.5938,0.0752,0.7910,-0.8672,87.01,-126.00,2165.94
3.5962,0.0761,0.7901,-0.8467,86.38,-123.69,2166.08
3.5986,0.0786,0.7876,-0.8408,85.96,-121.03,2166.01
3.6010,0.0756,0.7935,-0.8511,85.75,-118.23,2165.80
3.6034,0.0703,0.7979,-0.8721,84.84,-116.20,2165.73
3.6058,0.0722,0.7925,-0.8926,84.42,-114.24,2165.66
3.6082,0.0722,0.7954,-0.8896,84.14,-111.65,2165.80
3.6106,0.0737,0.8028,-0.8633,83.86,-109.69,2165.73
3.6130,0.0761,0.8028,-0.8520,83.09,-107.52,2165.94
3.6154,0.0791,0.8018,-0.8560,82.81,-105.91,2165.80
3.6178,0.0795,0.8057,-0.8701,82.39,-103.32,2165.73
3.6202,0.0771,0.8062,-0.8852,81.27,-101.92,2165.45
3.6226,0.0815,0.8037,-0.8764,80.99,-100.80,2165.80
3.6250,0.0859,0.8057,-0.8472,80.71,-99.26,2165.80
3.6274,0.0888,0.8057,-0.8267,80.43,-97.93,2165.66
3.6298,0.0903,0.8067,-0.8291,80.36,-96.46,2165.59
3.6322,0.0932,0.8120,-0.8428,80.01,-96.18,2165.66
3.6346,0.0986,0.8140,-0.8560,79.59,-95.34,2165.38
3.6370,0.0976,0.8111,-0.8560,79.17,-94.57,2165.38
3.6394,0.0986,0.8062,-0.8355,79.03,-95.06,2165.03
3.6418,0.1083,0.8062,-0.8106,79.03,-95.06,2165.03
3.6442,0.1098,0.8052,-0.7979,79.17,-94.15,2164.96
3.6466,0.1069,0.8042,-0.8096,79.59,-95.06,2165.03
3.6490,0.1098,0.8062,-0.8335,79.24,-95.41,2164.82
3.6514,0.1103,0.8076,-0.8574,79.17,-96.04,2164.47
3.6538,0.1113,0.8062,-0.8686,78.89,-96.95,2164.40
3.6563,0.1147,0.8003,-0.8506,78.82,-98.14,2164.12
3.6587,0.1205,0.7979,-0.8247,79.03,-99.40,2164.12
3.6611,0.1279,0.7954,-0.8184,79.31,-100.31,2163.70
3.6635,0.1259,0.7940,-0.8306,79.59,-101.22,2163.49
3.6659,0.1230,0.7940,-0.8530,79.59,-102.97,2163.35
3.6683,0.1230,0.7935,-0.8706,79.52,-104.23,2163.21
3.6707,0.1215,0.7906,-0.8647,79.59,-105.91,2163.07
3.6731,0.1220,0.7857,-0.8389,79.73,-108.50,2162.93
3.6755,0.1259,0.7818,-0.8106,79.87,-110.67,2162.51
3.6779,0.1244,0.7832,-0.8120,80.43,-112.14,2162.23
3.6803,0.1181,0.7862,-0.8394,80.43,-114.10,2161.95
3.6827,0.1186,0.7842,-0.8701,80.71,-116.76,2161.74
3.6851,0.1196,0.7891,-0.8716,80.78,-118.86,2161.60
3.6875,0.1186,0.7896,-0.8520,81.06,-121.31,2161.39
3.6899,0.1200,0.7867,-0.8311,81.62,-123.76,2161.25
3.6923,0.1220,0.7852,-0.8223,81.69,-126.07,2160.76
3.6947,0.1220,0.7818,-0.8467,82.04,-127.82,2160.48
3.6971,0.1166,0.7857,-0.8716,82.81,-129.78,2160.48
3.6995,0.1127,0.7886,-0.8852,82.67,-132.02,2160.13
3.7019,0.1118,0.7876,-0.8799,82.74,-133.84,2159.92
3.7043,0.1132,0.7847,-0.8657,82.88,-135.59,2159.71
3.7067,0.1142,0.7906,-0.8574,83.09,-137.13,2159.29
3.7091,0.1137,0.7954,-0.8706,82.67,-138.67,2158.87
3.7115,0.1118,0.7930,-0.8984,82.81,-139.86,2159.01
3.7139,0.1083,0.7979,-0.9160,82.67,-141.12,2158.87
3.7163,0.1054,0.8028,-0.9223,82.11,-141.82,2158.80
3.7188,0.1035,0.8032,-0.9155,81.62,-143.29,2158.73
3.7212,0.1064,0.8052,-0.9057,81.62,-143.99,2158.59
3.7236,0.1103,0.8101,-0.9165,81.20,-144.06,2158.10
3.7260,0.1108,0.8115,-0.9482,80.57,-144.34,2158.10
3.7284,0.1166,0.8150,-0.9799,80.50,-144.55,2157.89
3.7308,0.1259,0.8189,-0.9955,79.87,-144.13,2157.82
3.7332,0.1279,0.8023,-0.9945,78.89,-143.92,2157.75
3.7356,0.1523,0.7784,-1.0394,79.80,-142.52,2157.12
3.7380,0.1591,0.7637,-1.1014,80.29,-138.32,2156.98
3.7404,0.0922,0.6842,-1.1434,78.12,-135.31,2155.79
3.7428,0.0678,0.5222,-1.3010,82.25,-131.25,2152.64
3.7452,0.0444,0.3894,-1.7768,92.75,-108.22,2149.42
3.7476,-0.3231,0.1118,-2.1199,96.39,-73.71,2144.38
3.7500,-0.7130,-0.4826,-2.7255,105.21,-69.93,2130.66
3.7524,-1.0121,-0.8940,-3.5668,163.80,-29.75,2118.13
3.7548,-1.6875,-1.0980,-4.0480,208.74,17.43,2096.85
3.7572,-2.9129,-1.5801,-4.6628,245.98,60.69,2069.20
3.7596,-4.7502,-2.2097,-6.8354,395.29,153.37,2021.18
3.7620,-6.3772,-1.4908,-10.5403,627.06,175.49,1960.21
3.7644,-5.8033,-0.1332,-10.7223,608.79,131.95,1916.39
3.7668,-5.9951,-0.7203,-8.3028,649.39,347.41,1864.31
3.7692,-7.6489,-0.9789,-6.4284,908.46,278.88,1810.62
3.7716,-7.1912,0.7510,-4.5662,1014.30,139.23,1732.99
3.7740,-5.7911,0.8154,-4.5257,903.42,267.47,1684.55
3.7764,-6.6002,-0.0795,-5.7296,1039.71,383.88,1650.81
3.7788,-6.8276,1.4118,-6.2796,1127.07,137.20,1595.02
3.7813,-5.1279,2.6415,-5.8096,1044.26,114.66,1542.59
3.7837,-5.7086,2.1940,-6.3333,1049.72,182.84,1509.76
3.7861,-5.2528,3.2325,-6.5216,1140.37,-122.92,1449.56
3.7885,-3.8245,4.6170,-6.5485,935.06,-80.01,1409.80
3.7909,-4.4428,4.4057,-8.5146,805.84,-163.03,1350.86
3.7933,-4.3783,4.4218,-10.8819,722.05,-449.89,1282.47
3.7957,-2.5830,3.7571,-11.6734,467.18,-564.13,1219.12
3.7981,-1.3903,1.4093,-10.6735,204.89,-453.11,1183.07
3.8005,-2.4254,-0.4865,-8.1340,116.55,-411.18,1153.46
3.8029,-2.6001,-1.2200,-3.5038,80.29,-625.03,1088.92
3.8053,-1.4986,-2.1862,1.3074,-50.54,-475.02,1077.09
3.8077,-2.9329,-2.8504,2.2394,13.09,-287.56,1051.54
3.8101,-3.9245,-2.4229,-0.6978,41.58,-455.14,1014.93
3.8125,-2.7777,-1.7124,-3.3169,13.79,-413.21,996.10
3.8149,-2.5386,-1.6246,-4.7492,-19.46,-304.36,988.82
3.8173,-2.6616,-1.4538,-3.3550,27.51,-325.01,982.73
3.8197,-2.2058,-0.7486,0.4143,33.11,-376.53,964.67
3.8221,-1.4869,-0.8628,2.8519,-8.68,-330.82,955.92
3.8245,-1.4528,-0.9882,2.0891,75.11,-245.35,942.83
3.8269,-1.9105,-0.2865,-0.6495,91.00,-281.96,935.62
3.8293,-1.4557,0.0712,-2.6923,47.39,-311.71,929.81
3.8317,-1.0497,-0.1283,-3.0886,53.55,-234.22,934.01
3.8341,-1.2005,-0.0566,-1.0712,86.38,-269.85,932.96
3.8365,-0.8345,0.0756,1.8564,69.58,-290.08,926.45
3.8389,-0.5441,-0.2142,2.7670,73.29,-245.77,920.50
3.8413,-0.7354,-0.1723,1.2825,126.91,-224.00,914.48
3.8438,-0.8106,0.2928,-1.0111,122.85,-249.97,911.26
3.8462,-0.5295,0.3182,-2.3575,92.68,-247.10,912.87
3.8486,-0.4382,0.1088,-1.8798,109.48,-225.05,916.23
3.8510,-0.4636,0.1654,0.2357,125.02,-243.11,915.81
3.8534,-0.2855,0.1484,2.1174,112.70,-242.41,911.26
3.8558,-0.2186,-0.0459,1.9471,130.62,-215.46,906.64
3.8582,-0.3709,0.1176,0.2318,161.84,-206.50,904.33
3.8606,-0.3914,0.3753,-1.4503,145.81,-219.52,904.05
3.8630,-0.2650,0.2723,-1.9125,132.72,-212.87,907.48
3.8654,-0.2538,0.1547,-0.8179,149.31,-207.48,909.23
3.8678,-0.2030,0.1854,0.9716,155.05,-212.66,907.90
3.8702,-0.1137,0.1200,1.8271,151.97,-200.27,904.26
3.8726,-0.1513,0.0542,1.0170,171.50,-185.64,901.32
3.8750,-0.2308,0.2289,-0.5046,183.19,-182.42,900.69
3.8774,-0.2416,0.3572,-1.4996,169.12,-182.28,902.30
3.8798,-0.1947,0.2547,-1.2873,165.34,-181.30,904.33
3.8822,-0.1259,0.1801,-0.0190,177.17,-179.48,904.89
3.8846,-0.0693,0.1806,1.2249,179.76,-172.97,903.14
3.8870,-0.0747,0.1362,1.3391,182.00,-161.77,900.48
3.8894,-0.1088,0.1698,0.2991,195.79,-154.77,898.80
3.8918,-0.1254,0.3270,-0.8564,196.07,-151.27,900.27
3.8942,-0.1454,0.3850,-1.2112,185.01,-148.40,902.72
3.8966,-0.1269,0.2845,-0.5939,184.80,-148.89,904.26
3.8990,-0.0600,0.2133,0.5148,192.99,-145.32,904.12
3.9014,-0.0346,0.1918,1.1346,194.74,-134.47,902.65
3.9038,-0.0698,0.1664,0.7183,199.08,-125.65,900.97
3.9063,-0.0937,0.2098,-0.2845,205.66,-121.10,900.41
3.9087,-0.1074,0.2967,-0.9843,203.07,-115.64,901.88
3.9111,-0.1244,0.3157,-0.8613,197.33,-113.05,903.42
3.9135,-0.0903,0.2338,-0.1020,198.80,-112.00,903.49
3.9159,-0.0342,0.1884,0.6661,205.87,-104.37,902.79
3.9183,-0.0454,0.1972,0.7974,207.13,-92.68,901.39
3.9207,-0.0795,0.2001,0.1825,210.00,-87.29,900.13
3.9231,-0.0874,0.2474,-0.5763,212.31,-82.04,900.55
3.9255,-0.0991,0.2933,-0.8389,208.67,-76.79,901.88
3.9279,-0.0996,0.2699,-0.4587,204.61,-73.99,902.58
3.9303,-0.0698,0.2103,0.2274,206.99,-70.28,902.23
3.9327,-0.0371,0.1864,0.6320,210.91,-61.46,901.11
3.9351,-0.0498,0.1952,0.4158,211.96,-51.38,900.13
3.9375,-0.0752,0.2186,-0.2035,212.17,-46.62,899.85
3.9399,-0.0742,0.2469,-0.6608,210.56,-41.86,900.62
3.9423,-0.0683,0.2479,-0.5998,206.22,-37.24,901.60
3.9447,-0.0532,0.2108,-0.1401,204.68,-32.76,901.88
3.9471,-0.0371,0.1786,0.3406,206.22,-25.90,901.60
3.9495,-0.0293,0.1684,0.4329,206.78,-19.11,900.41
3.9519,-0.0322,0.1742,0.0776,206.15,-11.62,899.92
3.9543,-0.0468,0.1947,-0.4036,205.66,-5.18,900.20
3.9567,-0.0615,0.2152,-0.5988,202.16,-1.26,901.11
3.9591,-0.0542,0.2025,-0.3655,197.61,1.96,901.60
3.9615,-0.0327,0.1659,0.0634,196.70,7.70,901.67
3.9639,-0.0215,0.1484,0.3382,197.12,14.07,901.04
3.9663,-0.0205,0.1503,0.2289,195.72,20.79,900.34
3.9688,-0.0293,0.1679,-0.1479,193.62,26.60,900.34
3.9712,-0.0400,0.1932,-0.4534,190.68,31.01,900.83
3.9736,-0.0478,0.2123,-0.4358,186.27,34.79,901.32
3.9760,-0.0400,0.1864,-0.1893,183.47,38.08,901.32
3.9784,-0.0210,0.1620,0.1010,182.91,42.49,901.32
3.9808,-0.0112,0.1649,0.1903,181.23,48.86,900.48
3.9832,-0.0195,0.1659,-0.0137,178.85,53.97,900.20
3.9856,-0.0220,0.1913,-0.2894,177.38,56.98,900.06
3.9880,-0.0244,0.2147,-0.4319,173.53,61.53,900.48
3.9904,-0.0322,0.2103,-0.3470,170.24,63.49,900.62
3.9928,-0.0190,0.1923,-0.1186,167.86,65.87,900.41
3.9952,-0.0073,0.1859,0.0966,165.27,69.72,900.06
3.9976,-0.0151,0.1830,0.0181,164.71,74.48,898.87
4.0000,-0.0166,0.2123,-0.2240,163.94,73.43,898.38
4.0024,0.0010,0.2338,-0.4299,160.02,77.28,897.61
4.0048,-0.0210,0.2377,-0.4743,156.66,79.45,897.82
4.0072,-0.0005,0.2435,-0.2928,155.19,75.74,896.77
4.0096,0.1005,0.2743,-0.0727,154.70,77.21,896.00
4.0120,0.0800,0.2621,-0.1142,153.79,83.16,894.32
4.0144,-0.0083,0.2694,-0.3465,156.31,79.52,893.41
4.0168,0.0229,0.2894,-0.4963,153.44,76.51,891.59
4.0192,-0.0020,0.2728,-0.6344,155.89,80.78,891.10
4.0216,-0.0312,0.2948,-0.5339,156.17,70.42,889.70
4.0240,0.0054,0.2528,-0.3553,157.92,75.67,887.81
4.0264,-0.0727,0.2494,-0.2679,161.07,76.44,886.34
4.0288,-0.0844,0.2377,-0.3479,164.50,66.01,882.14
4.0313,-0.0717,0.2274,-0.6105,171.43,70.28,880.25
4.0337,-0.0595,0.2455,-0.8072,174.44,61.81,877.24
4.0361,-0.0015,0.2416,-0.8662,180.67,57.82,874.72
4.0385,-0.0034,0.2494,-0.7759,185.71,50.12,871.71
4.0409,0.0727,0.1986,-0.6939,189.98,42.98,868.35
4.0433,0.2391,0.1703,-0.6324,198.45,34.23,864.99
4.0457,0.3836,0.1840,-0.7520,205.38,27.93,860.79
4.0481,0.5075,0.1415,-0.9116,205.24,19.04,857.36
4.0505,0.5998,0.0634,-1.0882,212.10,13.02,853.02
4.0529,0.6476,0.1410,-1.2381,223.37,-6.16,848.75
4.0553,0.8042,0.1059,-1.2337,211.54,-19.53,842.87
4.0577,0.9008,-0.0244,-1.4098,221.69,-32.27,837.20
4.0601,1.1390,-0.0405,-1.5030,226.10,-75.95,829.22
4.0625,1.5206,-0.0542,-1.5899,226.87,-81.97,820.96
4.0649,1.5850,-0.1039,-1.9291,217.21,-100.10,811.51
4.0673,1.9149,-0.2957,-2.1135,214.97,-156.10,799.33
4.0697,2.3966,-0.5236,-2.1052,211.26,-167.23,788.34
4.0721,2.5415,-0.7208,-2.1936,190.96,-197.89,777.07
4.0745,2.6957,-1.0838,-2.1970,174.51,-220.36,763.35
4.0769,2.9553,-1.5108,-1.8910,170.73,-232.89,751.24
4.0793,3.3213,-2.0257,-1.4835,152.39,-250.46,736.33
4.0817,3.6434,-2.6938,-1.4420,137.20,-254.59,719.74
4.0841,3.9689,-3.4589,-1.7861,125.51,-268.38,699.65
4.0865,4.2871,-4.4628,-2.2097,105.56,-262.29,677.95
4.0889,4.3744,-5.3192,-2.7069,81.34,-257.53,653.38
4.0913,4.2256,-6.2108,-2.9358,50.19,-255.36,627.76
4.0938,3.9499,-6.9838,-2.4346,49.00,-245.21,599.41
4.0962,3.2735,-7.3561,-1.8930,23.38,-202.16,569.80
4.0986,2.4439,-7.4752,-1.8837,-3.29,-209.51,538.37
4.1010,1.8154,-6.7934,-2.4629,-10.15,-187.39,513.45
4.1034,0.8194,-5.4773,-2.9958,-38.71,-157.99,500.22
4.1058,-0.0063,-4.2178,-2.5181,-57.47,-187.46,490.77
4.1082,-0.2547,-3.0920,-1.0702,-56.77,-199.57,487.41
4.1106,-0.2669,-2.1745,0.4738,-63.14,-197.54,485.03
4.1130,-0.4085,-1.5831,0.8403,-63.91,-167.58,481.88
4.1154,-0.6222,-1.1234,-0.0908,-61.46,-187.53,478.24
4.1178,-0.4680,-0.7686,-1.2356,-67.76,-196.91,478.66
4.1202,-0.4314,-0.5958,-1.6324,-75.67,-174.16,482.37
4.1226,-0.5095,-0.5622,-0.9560,-78.26,-195.65,482.58
4.1250,-0.3626,-0.5563,0.2645,-73.36,-197.89,481.18
4.1274,-0.3494,-0.5075,0.9531,-68.46,-178.29,478.94
4.1298,-0.4641,-0.4397,0.5622,-63.49,-178.15,475.51
4.1322,-0.5002,-0.3514,-0.5114,-60.97,-181.16,473.41
4.1346,-0.4836,-0.2835,-1.3171,-65.10,-176.96,473.06
4.1370,-0.5324,-0.3079,-1.2732,-70.49,-168.49,473.41
4.1394,-0.6237,-0.3626,-0.4631,-69.09,-169.19,471.52
4.1418,-0.6573,-0.3782,0.4494,-65.73,-170.94,468.16
4.1442,-0.6412,-0.3553,0.5744,-60.48,-159.25,464.10
4.1466,-0.7300,-0.2879,-0.2054,-57.54,-139.65,462.00
4.1490,-0.9165,-0.2015,-1.1195,-58.38,-136.85,460.04
4.1514,-0.8701,-0.2133,-1.4723,-65.38,-143.08,458.92
4.1538,-0.8013,-0.2796,-0.9457,-66.92,-127.82,458.71
4.1563,-0.9160,-0.3265,-0.0781,-66.22,-117.95,455.42
4.1587,-0.9877,-0.3655,0.3499,-63.07,-111.72,451.01
4.1611,-1.0336,-0.3426,0.0029,-59.64,-98.63,446.11
4.1635,-1.0721,-0.2567,-0.8603,-59.36,-85.54,442.89
4.1659,-1.0824,-0.1571,-1.4967,-62.30,-72.52,441.07
4.1683,-1.0272,-0.1137,-1.4450,-67.41,-70.56,439.32
4.1707,-0.9126,-0.1230,-0.7154,-70.42,-59.43,437.92
4.1731,-0.8847,-0.1386,0.0712,-67.48,-43.33,434.91
4.1755,-0.8886,-0.1098,0.2450,-63.98,-35.49,431.20
4.1779,-0.8979,-0.0434,-0.2879,-63.42,-19.46,428.47
4.1803,-0.9687,0.0254,-1.0375,-62.93,-7.70,426.93
4.1827,-0.9858,0.0810,-1.3684,-65.31,-4.83,425.60
4.1851,-0.9565,0.0820,-1.0175,-68.60,3.50,424.69
4.1875,-0.9755,0.0420,-0.2904,-68.11,11.27,422.10
4.1899,-0.9980,0.0488,0.2172,-62.30,18.48,418.39
4.1923,-0.9599,0.1044,0.0386,-58.66,28.63,414.54
4.1947,-0.8408,0.1054,-0.6734,-58.94,37.38,411.60
4.1971,-0.8418,0.1010,-1.1570,-59.99,47.95,411.25
4.1995,-0.9179,0.1288,-0.9799,-61.67,45.22,408.94
4.2019,-0.8594,0.1161,-0.3406,-63.35,45.71,406.70
4.2043,-0.8184,0.0932,0.2606,-60.69,54.32,403.41
4.2067,-0.7852,0.0937,0.2445,-56.14,55.30,399.14
4.2091,-0.7501,0.1396,-0.2899,-54.04,63.91,396.83
4.2115,-0.7745,0.1869,-0.8696,-54.81,68.74,395.15
4.2139,-0.7505,0.1952,-1.0751,-54.60,70.91,393.82
4.2163,-0.7266,0.1762,-0.7374,-55.09,76.86,392.42
4.2188,-0.7247,0.1654,-0.1771,-53.20,78.82,389.62
4.2212,-0.6847,0.1625,0.1303,-47.67,85.89,385.84
4.2236,-0.6554,0.1942,-0.1157,-41.02,95.20,382.55
4.2260,-0.6769,0.2679,-0.6310,-40.25,103.39,380.24
4.2284,-0.6637,0.2899,-0.9897,-39.76,102.20,377.86
4.2308,-0.6149,0.2967,-0.8930,-35.70,106.96,376.32
4.2332,-0.5871,0.3055,-0.4563,-34.51,113.12,374.15
4.2356,-0.5675,0.3148,-0.0444,-30.87,116.48,371.28
4.2380,-0.5358,0.3152,-0.0254,-24.64,119.77,367.43
4.2404,-0.5031,0.3650,-0.4153,-18.13,125.65,365.12
4.2428,-0.5095,0.3899,-0.7979,-19.53,127.68,362.95
4.2452,-0.5036,0.3582,-0.9374,-15.61,130.69,361.62
4.2476,-0.4695,0.3460,-0.6588,-13.30,132.86,360.08
4.2500,-0.4368,0.3494,-0.2050,-8.96,135.87,357.56
4.2524,-0.4138,0.3577,0.0068,-7.28,138.60,354.69
4.2548,-0.3889,0.3928,-0.1679,0.56,143.99,351.40
4.2572,-0.3894,0.4729,-0.5802,3.36,148.75,348.88
4.2596,-0.3675,0.5261,-0.9238,5.81,146.23,345.94
4.2620,-0.3426,0.5392,-1.0965,14.70,146.58,342.79
4.2644,-0.3094,0.6378,-0.8359,17.99,139.72,340.76
4.2668,-0.2054,0.5895,-0.4392,9.87,149.52,336.56
4.2692,-0.2420,0.4934,-0.2977,30.73,154.77,332.57
4.2716,-0.2484,0.7086,-0.4046,42.35,137.48,326.34
4.2740,-0.1327,0.8379,-0.8311,29.68,142.17,322.21
4.2764,-0.1820,0.8296,-1.3640,35.77,149.59,317.38
4.2788,-0.2142,0.8852,-1.4703,40.88,130.76,313.11
4.2813,-0.0434,1.0058,-0.9882,45.22,119.00,306.39
4.2837,0.0376,1.0487,-0.6471,42.84,134.19,299.67
4.2861,-0.0024,1.0634,-0.6978,58.31,119.07,291.69
4.2885,0.1225,1.2493,-1.0716,68.60,104.65,282.31
4.2909,0.1952,1.3932,-1.5953,60.62,108.64,275.17
4.2933,0.1391,1.3684,-1.9862,63.28,98.49,266.91
4.2957,0.2411,1.5206,-1.8212,82.67,71.33,256.97
4.2981,0.4953,1.7402,-1.3698,80.64,53.48,243.46
4.3005,0.6437,1.8373,-1.3440,83.79,51.24,232.05
4.3029,0.6993,1.9671,-1.6670,98.07,25.97,216.09
4.3053,0.8447,2.1121,-2.1560,97.44,2.73,200.83
4.3077,0.9321,2.0779,-2.4932,93.94,-13.72,186.06
4.3101,0.9389,1.9642,-2.3531,106.96,-36.12,172.76
4.3125,1.0199,1.9022,-1.7505,105.98,-63.28,156.59
4.3149,1.1361,1.7353,-1.2668,91.91,-71.26,142.73
4.3173,1.1253,1.4591,-1.2459,83.65,-72.38,130.27
4.3197,1.0716,1.2708,-1.4089,86.31,-83.16,118.79
4.3221,1.0350,1.1814,-1.5055,73.64,-81.76,108.64
4.3245,0.9921,0.9770,-1.4947,57.40,-87.08,99.47
4.3269,0.9872,0.7681,-1.2337,53.76,-85.75,91.35
4.3293,0.9311,0.6549,-0.9077,46.41,-80.57,83.37
4.3317,0.8550,0.5417,-0.7876,32.48,-77.84,75.95
4.3341,0.8057,0.3758,-0.8872,25.27,-71.54,68.81
4.3365,0.7340,0.3001,-1.0634,23.10,-63.49,63.14
4.3389,0.6486,0.2494,-1.1239,10.22,-58.03,58.10
4.3413,0.5949,0.1186,-1.0307,2.10,-54.25,53.20
4.3438,0.5592,0.0312,-0.8067,1.75,-48.37,48.09
4.3462,0.4943,0.0112,-0.6456,-2.24,-39.48,43.75
4.3486,0.4250,0.0112,-0.7003,-7.00,-32.97,38.92
4.3510,0.3650,-0.0386,-0.9287,-12.60,-25.62,35.49
4.3534,0.3152,-0.0610,-1.0921,-10.71,-21.91,32.27
4.3558,0.2733,-0.0566,-1.0785,-15.40,-13.72,29.68
4.3582,0.2113,-0.0986,-0.9067,-17.64,-11.13,27.16
4.3606,0.1996,-0.1215,-0.6925,-15.61,-9.66,23.80
4.3630,0.1806,-0.1298,-0.6446,-15.12,-0.49,21.14
4.3654,0.1078,-0.1444,-0.8316,-14.98,1.68,18.27
4.3678,0.0800,-0.1332,-1.0594,-13.23,0.63,16.38
4.3702,0.0673,-0.1249,-1.1063,-13.65,3.92,14.98
4.3726,0.0181,-0.1254,-1.0102,-12.18,4.97,13.30
4.3750,-0.0063,-0.1493,-0.7940,-12.88,0.14,11.34
4.3774,-0.0039,-0.1762,-0.6876,-6.44,3.15,8.82
4.3798,-0.0493,-0.1854,-0.7632,-6.72,6.23,7.70
4.3822,-0.0913,-0.2108,-0.9599,-3.36,3.57,5.53
4.3846,-0.1235,-0.2196,-1.1522,-2.24,2.24,5.32
4.3870,-0.1205,-0.1996,-1.1331,0.91,-0.98,3.85
4.3894,-0.1069,-0.1942,-0.9867,-0.77,1.68,3.57
4.3918,-0.1279,-0.2172,-0.8457,3.92,-0.70,1.54
4.3942,-0.1484,-0.2094,-0.8032,5.74,0.14,0.63
4.3966,-0.1830,-0.2025,-0.9326,7.35,2.66,-1.40
4.3990,-0.1996,-0.1991,-1.1039,8.89,-1.47,-2.10
4.4014,-0.1830,-0.1854,-1.1405,10.15,-2.10,-3.08
4.4038,-0.2074,-0.1762,-1.0829,9.80,1.68,-3.22
4.4063,-0.2362,-0.1776,-0.9770,10.01,-3.78,-4.20
4.4087,-0.2128,-0.1781,-0.9165,10.99,-2.59,-4.90
4.4111,-0.2338,-0.1640,-0.9443,10.92,0.49,-5.53
4.4135,-0.2650,-0.1576,-1.0726,10.92,-1.54,-6.23
4.4159,-0.2611,-0.1327,-1.1761,10.64,-3.85,-6.37
4.4183,-0.2489,-0.1161,-1.1649,7.77,-3.01,-6.30
4.4207,-0.2577,-0.1118,-1.1170,6.51,-1.33,-6.02
4.4231,-0.2479,-0.0893,-1.0482,5.25,-5.74,-5.74
4.4255,-0.1757,-0.0112,-1.0658,2.59,-0.63,-4.27
4.4279,-0.1810,0.0190,-1.0975,-0.14,-3.22,-2.94
4.4303,-0.1293,0.0454,-1.1068,-1.47,-3.29,-2.38
4.4327,-0.0849,0.0742,-1.0756,-2.73,-2.59,-0.84
4.4351,-0.0615,0.0883,-1.0160,-4.62,-1.19,-0.35
4.4375,-0.0346,0.0917,-0.9902,-4.55,-1.68,0.35
4.4399,0.0112,0.1059,-0.9862,-4.27,-2.31,0.28
4.4423,0.0317,0.1015,-1.0028,-5.18,2.03,0.91
4.4447,0.0288,0.0956,-1.0097,-4.34,-0.42,0.63
4.4471,0.0508,0.0888,-0.9926,-3.57,-0.70,0.56
4.4495,0.0527,0.0874,-0.9618,-2.52,0.84,0.28
4.4519,0.0459,0.0810,-0.9457,-2.10,-0.56,-0.14
4.4543,0.0459,0.0815,-0.9355,0.00,-1.75,-0.56
4.4567,0.0473,0.0849,-0.9350,0.14,-2.24,-0.98
4.4591,0.0410,0.0747,-0.9457,1.12,-1.54,-1.19
4.4615,0.0244,0.0654,-0.9599,2.24,-2.52,-1.26
4.4639,0.0171,0.0600,-0.9667,2.38,-2.87,-1.33
4.4663,0.0049,0.0566,-0.9740,2.17,-1.89,-1.26
4.4688,-0.0132,0.0556,-0.9882,2.38,-2.38,-1.12
4.4712,-0.0229,0.0600,-0.9984,1.82,-2.52,-1.12
4.4736,-0.0337,0.0595,-1.0111,0.84,-2.17,-1.12
4.4760,-0.0390,0.0547,-1.0194,0.70,-2.59,-0.91
4.4784,-0.0346,0.0566,-1.0219,0.63,-2.45,-0.70
4.4808,-0.0273,0.0610,-1.0189,0.07,-2.17,-0.49
4.4832,-0.0181,0.0634,-1.0082,0.00,-2.10,-0.35
4.4856,-0.0088,0.0659,-0.9941,0.07,-2.24,-0.42
4.4880,0.0000,0.0669,-0.9804,-0.07,-2.17,-0.49
4.4904,0.0083,0.0639,-0.9740,-0.07,-2.24,-0.56
4.4928,0.0122,0.0586,-0.9745,0.28,-2.24,-0.56
4.4952,0.0122,0.0581,-0.9736,0.56,-2.17,-0.63
4.4976,0.0083,0.0581,-0.9721,0.70,-2.10,-0.70
4.5000,0.0024,0.0586,-0.9745,0.91,-2.24,-0.77
4.5024,-0.0029,0.0595,-0.9799,1.05,-2.24,-0.91
4.5048,-0.0088,0.0586,-0.9882,0.84,-1.96,-0.84
4.5072,-0.0142,0.0576,-0.9989,0.77,-2.10,-0.84
4.5096,-0.0161,0.0590,-1.0033,0.63,-2.31,-0.77
4.5120,-0.0166,0.0625,-1.0004,0.49,-2.17,-0.63
4.5144,-0.0156,0.0634,-0.9945,0.42,-2.24,-0.63
4.5168,-0.0112,0.0625,-0.9892,0.28,-2.17,-0.49
4.5192,-0.0054,0.0630,-0.9843,0.35,-2.17,-0.56
4.5216,-0.0020,0.0615,-0.9833,0.42,-2.17,-0.63
4.5240,-0.0010,0.0590,-0.9843,0.42,-2.31,-0.63
4.5264,0.0005,0.0586,-0.9838,0.49,-2.31,-0.63
4.5288,0.0000,0.0605,-0.9848,0.56,-2.17,-0.70
4.5313,-0.0015,0.0615,-0.9838,0.70,-2.17,-0.70
4.5337,-0.0034,0.0605,-0.9848,0.70,-2.17,-0.77
4.5361,-0.0073,0.0600,-0.9882,0.70,-2.03,-0.77
4.5385,-0.0112,0.0600,-0.9911,0.63,-2.17,-0.63
4.5409,-0.0112,0.0600,-0.9916,0.56,-2.24,-0.70
